first_name,last_name,salary,start_date,gender,remote,team
Haleigh,Calderhead,334473,5/9/2020,,true,management
Coretta,McEvon,637457,3/20/2020,Male,false,engineering
Clarette,Tarbett,977749,11/22/2020,Agender,true,engineering
Jaime,Gianneschi,253523,9/2/2020,Bigender,false,marketing
Ediva,Skelton,325185,2/4/2020,Female,true,marketing
Auberta,Whistlecraft,510781,,Polygender,false,engineering
Devland,Cominetti,194815,1/16/2021,Bigender,false,engineering
Sarah,Feather,553617,4/5/2020,,true,data analytics
Andromache,McAviy,562931,9/15/2020,Non-binary,true,management
Susanna,Ivachyov,873134,11/19/2020,Agender,false,engineering
Gray,Ghirigori,972661,5/29/2020,,false,marketing
Malissa,Billett,492837,9/1/2020,,false,management
Dani,Withinshaw,152136,11/8/2020,Genderfluid,true,data analytics
Garik,Massingham,378504,1/21/2021,Genderfluid,true,management
Alfred,Paraman,234494,1/19/2021,Female,false,data analytics
Hardy,Ethridge,578084,11/26/2020,Agender,false,management
Wylma,Cowey,254555,11/8/2020,Bigender,false,marketing
Tiphani,Philip,531804,8/8/2020,Genderqueer,false,management
Free,Prangley,385983,9/12/2020,Genderfluid,true,engineering
Cointon,McRitchie,136751,4/12/2020,Male,true,marketing
Doria,Ladyman,223628,11/3/2020,Male,true,marketing
Dela,Colvin,482923,10/25/2020,Bigender,false,marketing
Vonni,Bysaker,642502,11/22/2020,Non-binary,false,engineering
Hoebart,Eates,508366,12/6/2020,Genderfluid,false,engineering
Edgardo,Batalini,404343,5/15/2020,Genderqueer,false,marketing
Barbee,Reisk,139269,5/4/2020,Polygender,true,engineering
Vladamir,Romeril,702438,12/2/2020,Non-binary,true,marketing
Gayle,Erbe,259607,3/27/2020,Non-binary,false,management
Carmella,Pacht,599103,6/5/2020,Non-binary,false,data analytics
Hershel,Bernasek,435872,9/4/2020,Bigender,false,data analytics
Ludovico,Stoeckle,627293,4/18/2020,Bigender,true,management
Deana,Paolini,744215,6/28/2020,Agender,true,marketing
Reina,Jenner,883961,2/27/2020,Non-binary,true,data analytics
Cirilo,Huson,224642,5/25/2020,Bigender,false,marketing
Julieta,Falconbridge,111472,2/4/2020,Polygender,false,data analytics
Ollie,Gribbins,956647,10/8/2020,Male,false,management
Caldwell,Nazair,326412,8/10/2020,Genderfluid,false,data analytics
Sharity,Aizikowitz,856634,4/30/2020,Genderfluid,true,data analytics
Nicky,Kirimaa,245975,12/14/2020,Genderfluid,false,engineering
Janice,Pevsner,400491,12/11/2020,Polygender,false,marketing
Issiah,Devin,972798,5/25/2020,Non-binary,false,management
Gavin,Meugens,144726,5/30/2020,Genderqueer,false,engineering
Blithe,Circuitt,987183,8/11/2020,Polygender,false,data analytics
Marlene,Snozzwell,449428,3/17/2020,Polygender,false,engineering
Alyssa,Triebner,177637,,Genderfluid,false,data analytics
Wendye,Tasker,964899,2/8/2020,Male,false,engineering
Ernst,Fishbourne,994191,10/10/2020,Female,true,data analytics
Adara,Wakes,727063,5/4/2020,Genderfluid,false,management
Maudie,Daft,565630,8/12/2020,Polygender,true,data analytics
Laurie,Orrett,764929,11/26/2020,Male,true,data analytics
Cassaundra,Knevet,511076,1/20/2021,Male,false,engineering
Lay,Clericoates,305830,7/29/2020,Agender,true,engineering
Donia,Speight,328368,2/10/2020,Polygender,false,engineering
Cordelie,Godsal,970651,1/28/2021,Bigender,false,management
Marion,Minogue,201401,9/24/2020,Genderqueer,false,engineering
Willis,Downe,415130,10/2/2020,Bigender,false,engineering
Britta,Statersfield,717844,4/16/2020,Polygender,true,data analytics
Ginevra,Berzin,379871,12/22/2020,Genderfluid,false,engineering
Jeno,Harce,798641,10/12/2020,Bigender,true,data analytics
Gorden,Alessandretti,315911,9/25/2020,Bigender,true,engineering
Clive,Lutty,452766,9/18/2020,Bigender,true,data analytics
Bevon,Chaman,183298,6/29/2020,Genderfluid,false,management
Carline,Crollman,355054,11/28/2020,Polygender,true,data analytics
Timofei,Ackenhead,916900,10/14/2020,Male,true,data analytics
Priscilla,Tavener,489463,6/21/2020,Genderfluid,false,management
Ivory,MacMaster,848465,10/6/2020,Female,false,management
Isabelita,Giorgio,988088,4/21/2020,Bigender,true,data analytics
Doloritas,Schanke,585014,12/27/2020,Male,true,engineering
Ursuline,Surfleet,631021,8/11/2020,,true,data analytics
Evonne,Glisane,926770,9/11/2020,Non-binary,false,marketing
Moss,Kleinplac,886853,7/26/2020,Bigender,false,data analytics
Daren,Paddie,809804,11/24/2020,Agender,false,management
Corbett,Gibbings,263080,9/24/2020,Polygender,false,marketing
Corrina,Chaloner,330510,,Male,false,marketing
Abbi,Waby,433227,4/13/2020,Polygender,true,marketing
Antonia,Kemery,986028,9/19/2020,Genderqueer,true,management
Briggs,Maplesden,736681,3/29/2020,Genderqueer,true,marketing
Claudio,Marie,853329,12/8/2020,Agender,true,management
Chrystel,Goligly,953316,10/12/2020,Genderfluid,true,data analytics
Wyn,Edden,565477,2/28/2020,Genderqueer,false,management
Morna,Sessions,162030,6/11/2020,Non-binary,false,marketing
Idaline,Holgan,580887,11/30/2020,Bigender,true,management
Esra,Nacci,595367,5/31/2020,Polygender,true,engineering
Adrianne,Charte,573994,7/13/2020,Male,true,management
Cecile,Jerzycowski,987315,9/23/2020,,true,data analytics
Halie,Barns,670350,5/12/2020,Agender,true,data analytics
Ingmar,Cuesta,254625,10/29/2020,Female,false,management
Alphonse,Wooland,434074,3/17/2020,Male,false,data analytics
Rey,Jessel,189934,4/21/2020,Polygender,true,marketing
Brockie,Scane,343533,2/7/2020,Polygender,true,engineering
Yehudi,Daniels,584648,2/21/2020,Genderfluid,false,data analytics
Loutitia,Dunabie,778044,3/30/2020,Genderfluid,true,management
Whitney,O' Dooley,578414,6/25/2020,Bigender,false,data analytics
Grenville,Burwell,687303,8/9/2020,Female,true,management
Bone,Sinkings,541695,3/18/2020,Genderfluid,false,management
Shurlocke,Lanon,616594,5/17/2020,Male,true,engineering
Theressa,Mulleary,916037,3/15/2020,Bigender,true,marketing
Stevy,McKeag,209336,5/31/2020,Male,true,management
Oliver,Coleshill,127133,8/28/2020,Agender,false,marketing
Coriss,MacTrusty,160668,9/9/2020,Genderfluid,false,engineering
Drusi,Ramsby,946232,2/15/2020,Non-binary,true,management
Merell,Rickhuss,280388,6/30/2020,Genderfluid,false,management
Diann,Schrader,392248,2/24/2020,Polygender,true,data analytics
Orsola,Parkhouse,633371,7/10/2020,Non-binary,true,data analytics
Terrel,Wilkisson,283735,10/31/2020,Bigender,false,marketing
Rozalie,Andriuzzi,152612,12/5/2020,Non-binary,false,management
Ase,Eassom,530597,6/16/2020,Female,true,engineering
Courtney,Groarty,465049,5/31/2020,Female,false,engineering
Randa,Tweedell,941519,11/13/2020,Non-binary,true,data analytics
Millie,MacCollom,322714,4/18/2020,Polygender,true,engineering
Whitney,Furze,793725,10/14/2020,Bigender,false,management
Agnola,Hartigan,641720,7/29/2020,Female,false,marketing
Gaby,Daingerfield,551524,3/25/2020,Agender,true,data analytics
Pavlov,Steel,514600,5/31/2020,Polygender,false,management
Juli,Clapshaw,697216,11/15/2020,Genderqueer,false,data analytics
Sylvan,Thorneley,697506,7/19/2020,Male,false,engineering
Orson,Lysaght,699568,6/23/2020,Male,true,data analytics
Kassie,Lacelett,550415,9/14/2020,Agender,true,engineering
Winny,Hache,260980,5/6/2020,Male,false,management
Mike,Sommerscales,264558,12/26/2020,,false,management
Clemens,Normant,630083,11/13/2020,Polygender,false,engineering
Brody,Grzeszczyk,391408,10/18/2020,Male,true,marketing
Hebert,Kilroy,688352,3/23/2020,Genderfluid,false,marketing
Chrystel,Basnall,259738,12/14/2020,Genderfluid,true,marketing
Ann,Iglesias,711095,6/3/2020,Polygender,true,management
Sonny,Van Hove,632646,10/25/2020,Bigender,true,management
Rolph,Backshaw,366141,7/1/2020,Agender,true,management
Emeline,Meakin,931065,4/11/2020,Agender,true,engineering
Ilyssa,Mayers,698399,6/4/2020,Genderqueer,false,marketing
Hyman,Bye,758704,10/29/2020,,false,data analytics
Revkah,Dewfall,832538,10/29/2020,Polygender,false,marketing
Rowland,Mattinson,553750,3/17/2020,Bigender,true,data analytics
Oren,Dundin,851301,3/4/2020,Genderqueer,false,data analytics
Wynn,Sneezum,871824,9/24/2020,Male,false,data analytics
Liliane,Pordall,589261,8/8/2020,Bigender,true,marketing
Adriana,Mallen,275451,9/23/2020,Agender,false,data analytics
Willi,Sidwick,422252,1/13/2021,Female,true,engineering
Stormie,Barthram,322954,1/29/2021,Genderqueer,true,marketing
Randa,Visick,114061,5/4/2020,,false,marketing
Rena,Caudrey,326183,11/9/2020,Agender,false,engineering
Hobey,Jeaneau,157301,2/5/2020,Female,true,marketing
Eldredge,Banaszczyk,625743,12/21/2020,Bigender,false,engineering
Aluino,Kubal,413941,7/24/2020,Female,true,management
Hamnet,Wipfler,284895,5/5/2020,,false,management
Celine,Eakins,199060,4/10/2020,Male,true,engineering
Giulia,Vasilechko,797045,5/1/2020,Bigender,false,marketing
Clarey,Burnie,390753,1/27/2021,Female,true,data analytics
Herminia,Buckby,685437,3/1/2020,Non-binary,false,marketing
Dolley,Adamec,180247,10/27/2020,Genderqueer,true,data analytics
Jena,Oxe,334790,8/28/2020,Non-binary,true,data analytics
Tania,Doumerque,652919,5/12/2020,Female,true,marketing
Shay,Saberton,673638,8/7/2020,Male,false,engineering
Bethany,Jonathon,766292,5/15/2020,Polygender,true,management
Blaire,Denisard,983101,7/28/2020,Agender,true,management
Giffer,Yateman,802494,10/5/2020,Genderqueer,false,engineering
Krystyna,Hayler,873322,10/28/2020,Male,false,management
Georgie,Burdekin,178224,8/15/2020,Female,false,data analytics
Tobye,Denziloe,718752,2/18/2020,Non-binary,false,management
Consuelo,Dearnly,979201,6/15/2020,Genderqueer,false,data analytics
Lyn,Huske,906284,11/26/2020,Agender,false,engineering
Glenden,Fearon,557096,6/23/2020,Genderfluid,false,engineering
Mike,Chedzoy,388715,8/11/2020,Male,true,data analytics
Anson,Bourget,151699,9/18/2020,Genderfluid,false,management
Bethany,Carthew,612868,2/25/2020,Female,true,data analytics
Cordula,Drogan,285639,1/10/2021,Bigender,false,marketing
Curt,Pryn,566370,6/5/2020,Male,true,engineering
Sharon,Anespie,673548,4/17/2020,Genderfluid,true,management
Derril,Zukerman,716200,3/5/2020,Genderfluid,true,engineering
Welsh,Chesshyre,794385,4/3/2020,Agender,false,management
Tyler,Pierro,373484,1/31/2021,Agender,true,marketing
Keefe,Freckleton,892131,8/29/2020,Polygender,false,management
Joseito,Leavy,361311,1/30/2021,Non-binary,true,marketing
Ambrosius,Ridgway,650725,11/2/2020,Bigender,true,management
Carma,Matejka,882031,4/30/2020,,true,data analytics
Arabella,Glitherow,469869,3/8/2020,Agender,true,marketing
Lexi,Eastgate,194376,3/30/2020,Bigender,false,engineering
Doro,Tole,600668,7/18/2020,Non-binary,false,engineering
Raimund,Finicj,954934,12/16/2020,Polygender,false,data analytics
Delinda,Kaasman,754837,8/29/2020,Male,false,data analytics
Constantina,Burnsides,515011,9/27/2020,Non-binary,false,marketing
Harold,Fransson,348816,9/29/2020,Non-binary,false,marketing
Dehlia,Sprott,211338,8/31/2020,Agender,true,engineering
Hilario,Coddington,179114,2/18/2020,Polygender,true,marketing
Catherine,Harbert,932262,4/30/2020,Non-binary,true,engineering
Jock,Southwick,414029,8/28/2020,Genderqueer,false,marketing
Byrle,Chatband,605592,10/19/2020,Polygender,true,marketing
Cherri,Macallam,678876,4/1/2020,Polygender,false,marketing
Aeriela,Ablewhite,357296,5/19/2020,Agender,false,engineering
Olia,Twinterman,784193,11/25/2020,Polygender,true,marketing
Gabby,Kinnock,909456,9/4/2020,Genderqueer,true,marketing
Charmaine,Gascoine,451676,1/16/2021,Agender,true,marketing
Terry,Rives,995927,11/14/2020,Non-binary,true,data analytics
Keslie,Benesevich,431890,10/16/2020,Female,false,management
Willem,Coulthard,943381,7/13/2020,Bigender,true,management
Carlos,Trethowan,573157,1/12/2021,Genderfluid,true,data analytics
Dimitri,Cozens,791044,9/14/2020,Polygender,false,management
Serge,Linwood,385657,9/20/2020,Male,false,data analytics
Jane,Woods,944023,8/12/2020,Agender,false,data analytics
Davidde,Hassur,475194,10/21/2020,Genderfluid,true,data analytics
Dot,Barnbrook,103660,3/13/2020,Male,false,management
Kermy,Cleveland,156686,5/10/2020,Polygender,false,engineering
Datha,Leyban,256662,2/16/2020,,false,engineering
Benedetta,Rennels,643956,,Female,false,engineering
Fredericka,Byway,794372,1/17/2021,Non-binary,true,engineering
Ruthann,Fullom,288246,11/29/2020,Female,false,data analytics
Cati,Hendrickson,997426,5/6/2020,Non-binary,false,marketing
Didi,Cowill,175578,1/6/2021,Agender,false,management
Bay,Killimister,354669,4/6/2020,Non-binary,false,engineering
Conny,Iaduccelli,119264,,Female,false,management
Asa,Fynan,227895,3/21/2020,Bigender,true,management
Jo ann,Gladtbach,126421,6/19/2020,Genderqueer,true,data analytics
Aloin,Sakins,803174,8/19/2020,Polygender,true,marketing
Pancho,Densie,197546,10/3/2020,Agender,false,data analytics
Brandea,Lyenyng,443060,11/18/2020,Genderqueer,false,management
Adriano,Ianson,903959,4/21/2020,Non-binary,false,data analytics
Mario,Kira,260725,7/22/2020,Genderfluid,false,engineering
Danica,Moorman,642616,3/29/2020,Non-binary,true,engineering
Ronny,Gaisford,939459,9/8/2020,Polygender,true,management
Hermina,Doogue,855328,12/15/2020,Non-binary,true,engineering
Frasquito,Molian,422444,7/7/2020,Genderfluid,false,engineering
Layla,Blenkinsopp,127842,1/11/2021,Agender,true,engineering
Thaxter,Blackey,887720,3/13/2020,Polygender,true,data analytics
Papagena,Bexon,402073,11/22/2020,Bigender,false,engineering
Georgeta,Hargey,237863,3/16/2020,Bigender,true,management
Burtie,Bowller,778044,,Agender,false,marketing
Linnell,Kaesmakers,881821,11/16/2020,Genderfluid,true,data analytics
Morissa,Bulch,528848,2/25/2020,Non-binary,true,marketing
Brandea,McCook,948071,11/11/2020,Polygender,false,management
Marin,Hopkins,329930,3/10/2020,Bigender,false,marketing
Tressa,Ixer,625357,10/14/2020,Female,true,engineering
Carolee,Culley,447588,3/9/2020,Polygender,true,engineering
Franciskus,Vowles,791687,3/18/2020,Bigender,false,management
Esmaria,Adamou,918635,10/19/2020,Genderqueer,false,engineering
Chrysa,Le Gallo,565324,3/17/2020,Female,false,engineering
Yolane,Woolcocks,977267,12/18/2020,Agender,false,management
Lazaro,MacGilrewy,393017,2/6/2020,Genderqueer,false,engineering
Hughie,Keysall,949961,6/12/2020,Male,false,management
Worthy,Qusklay,954399,9/25/2020,Non-binary,true,marketing
Elinore,McKinlay,283899,11/30/2020,Male,true,management
Sandor,Rogerot,931685,6/27/2020,Female,true,management
Juieta,Alyutin,995710,7/14/2020,Non-binary,false,data analytics
Corty,Pyburn,502012,2/7/2020,Non-binary,true,management
Latrina,Thoumas,333784,12/11/2020,Polygender,true,engineering
Daron,Gregoire,389802,12/14/2020,Genderfluid,false,data analytics
Ash,Trethewey,404208,8/15/2020,Genderfluid,false,data analytics
Ronny,Doughty,250048,6/12/2020,Genderqueer,true,management
Kattie,Abdon,589227,9/28/2020,Male,true,engineering
Edee,Mapples,487076,9/5/2020,Polygender,true,management
Mab,Caldwall,157970,10/6/2020,Agender,false,marketing
Sayers,Trotter,502059,1/24/2021,Female,false,management
Isidora,Fyndon,334100,9/12/2020,Non-binary,true,marketing
Eberto,Loweth,986711,6/27/2020,Genderqueer,false,marketing
Jules,de Savery,738255,12/15/2020,Female,false,marketing
Ronnie,Canter,450528,8/6/2020,Agender,true,data analytics
Joel,Taillant,358274,6/11/2020,Bigender,false,management
Vina,Pettegre,768312,8/27/2020,Agender,true,management
Trumann,Yexley,561570,10/18/2020,Bigender,false,data analytics
Winny,Antonutti,123855,7/7/2020,Non-binary,false,marketing
Emmalee,Jedrysik,255528,10/9/2020,Non-binary,true,engineering
Sue,Gravett,661916,3/14/2020,Genderqueer,false,engineering
Ted,Robben,713087,7/8/2020,Agender,false,engineering
Jacobo,Bringloe,153661,7/16/2020,Genderqueer,false,data analytics
Allianora,Kuban,485137,5/11/2020,Male,true,marketing
Jacquelyn,Wakenshaw,267669,11/12/2020,Male,true,data analytics
Guthrey,Fazzioli,910502,12/23/2020,Female,true,engineering
Hailee,O'Callaghan,370443,3/1/2020,Genderqueer,true,management
Morgana,Kick,910766,2/20/2020,Polygender,false,engineering
Boonie,Silbermann,460926,3/23/2020,Non-binary,false,engineering
Barthel,Baroche,847409,1/11/2021,Polygender,true,data analytics
Jacinthe,Juzek,689585,5/2/2020,Agender,true,management
Nerita,Wayte,684972,11/16/2020,Genderfluid,false,management
Yance,Sturdgess,438192,1/12/2021,Agender,false,engineering
Virgil,Bernardot,575861,6/12/2020,Male,true,management
Cesare,Impey,260207,12/28/2020,Female,false,marketing
Tabbi,Buist,672401,11/26/2020,Male,false,marketing
Darsey,Mordie,736585,1/26/2021,Male,true,engineering
Wendell,Fennessy,434235,12/25/2020,Male,false,marketing
Julee,MacKean,297545,6/8/2020,Polygender,true,data analytics
Rori,Hargate,583802,4/27/2020,Male,false,marketing
Thedrick,Tomblett,887227,3/18/2020,Agender,false,data analytics
Frederich,Aulsford,186045,8/23/2020,Female,true,marketing
Morlee,Candlin,964531,6/13/2020,Polygender,false,management
Mace,Chiswell,718977,7/28/2020,Polygender,false,data analytics
Kikelia,Dunne,389606,12/11/2020,Agender,false,data analytics
Tedie,Jowitt,892881,5/18/2020,Genderfluid,true,data analytics
Anatole,Kaufman,887849,,Agender,false,marketing
Glynda,Greson,366521,1/1/2021,Non-binary,false,data analytics
Marwin,MacTrustie,527827,11/20/2020,Bigender,true,data analytics
Suzette,Isacsson,173782,7/22/2020,Genderqueer,false,engineering
Beatrisa,McEneny,528434,6/3/2020,Bigender,true,data analytics
Jerrome,Bascombe,658603,4/20/2020,Female,false,marketing
Marchall,Gitting,432436,,Agender,false,management
Arlie,Stodit,846001,10/28/2020,Male,false,marketing
Kikelia,Theodoris,442025,4/6/2020,Non-binary,false,data analytics
Jessika,Figures,742131,1/27/2021,Genderqueer,true,management
Lotti,Yewdall,315287,12/30/2020,Male,true,engineering
Baxter,Dabner,969869,8/31/2020,Male,false,management
Hans,Dougherty,332978,3/24/2020,Polygender,false,marketing
Bella,Renoden,193735,6/8/2020,Genderfluid,true,management
Daphne,Jillitt,135834,8/23/2020,Genderqueer,true,management
Sandy,Dunmore,600379,1/25/2021,Genderqueer,false,marketing
Aldrich,Fasey,289508,4/8/2020,Male,true,marketing
Margaretta,Airs,587256,4/10/2020,Polygender,false,marketing
Ernestine,Carnachen,424097,3/21/2020,Bigender,false,management
Wandie,Elverstone,355554,1/28/2021,Female,false,marketing
Glynis,Websdale,353296,5/16/2020,Polygender,false,data analytics
Cross,Ackenson,323590,5/26/2020,Agender,false,data analytics
Tressa,Pobjoy,611694,8/22/2020,Male,false,engineering
Ellynn,Assel,177008,,Non-binary,true,marketing
Alikee,Gleeson,254767,11/22/2020,Genderqueer,true,management
Charo,Clawe,297667,11/26/2020,Bigender,true,data analytics
Maryann,Lucien,306349,12/27/2020,Bigender,false,management
Caye,Dmitrichenko,906165,8/30/2020,Female,false,data analytics
Priscella,Trevena,164645,5/9/2020,Polygender,true,marketing
Corinna,Guynemer,462713,11/7/2020,Agender,true,engineering
Kizzee,Drew,535355,10/11/2020,Non-binary,true,data analytics
Cacilie,Causley,736500,3/30/2020,Male,true,engineering
Haley,Dewar,274132,1/18/2021,Genderfluid,false,management
Camella,Frenzl,522634,8/23/2020,Bigender,true,data analytics
Towny,Tippings,662192,10/7/2020,Female,true,data analytics
Tedra,Yurchenko,418784,7/25/2020,Genderqueer,false,data analytics
Linn,Dedrick,680249,12/2/2020,Agender,true,marketing
Elissa,Dring,418527,12/12/2020,Non-binary,true,marketing
Othelia,Orleton,232925,9/28/2020,Male,false,data analytics
Nilson,Griss,742484,12/26/2020,Male,false,marketing
Tomaso,Bayly,701672,10/10/2020,Polygender,true,marketing
Berri,Fulton,654247,2/5/2020,Female,false,marketing
Allison,Sefton,853940,2/16/2020,Male,false,marketing
Josepha,Chopin,372499,12/23/2020,Female,false,marketing
Korella,Cowitz,240279,1/24/2021,Bigender,true,data analytics
Mandel,Barmadier,848352,1/31/2021,Female,false,marketing
Godfry,Rudeforth,408499,10/18/2020,Agender,false,data analytics
Meta,Bogart,747013,1/8/2021,Polygender,false,engineering
Elisabetta,Enrigo,835480,1/3/2021,Polygender,true,marketing
Brody,Ragsdale,100752,1/10/2021,Bigender,false,management
Colby,Sheering,282025,10/16/2020,Genderfluid,false,engineering
Bernette,Scrigmour,591366,8/11/2020,,true,data analytics
Pammy,Gethins,154875,11/13/2020,Agender,true,data analytics
Hatty,Noor,419890,10/24/2020,Genderfluid,true,marketing
Bianca,Whyffen,868326,5/23/2020,Bigender,true,management
Joye,Evetts,241063,6/29/2020,Non-binary,false,engineering
Ned,Ferryman,219334,5/20/2020,Agender,false,marketing
Dulcinea,Johnikin,451123,10/19/2020,Non-binary,false,engineering
Madalena,Chessun,148735,8/13/2020,Polygender,true,data analytics
Ardyce,Stonebanks,364788,8/21/2020,Female,false,management
Franklyn,Childes,245990,11/27/2020,Male,false,data analytics
Rikki,Marshman,461507,5/24/2020,Genderqueer,false,engineering
Rriocard,Pindar,215276,7/11/2020,Polygender,false,marketing
Cybill,Traynor,846967,6/21/2020,Male,false,engineering
Doe,Rabbet,511272,5/17/2020,Non-binary,true,management
James,Dubble,282819,9/11/2020,Female,true,engineering
Kory,Hovy,426422,10/5/2020,,true,marketing
Hartwell,Fortey,169787,4/15/2020,Bigender,true,engineering
Morgen,Dorning,462450,2/3/2020,Genderfluid,false,engineering
Terrijo,Killford,186453,5/15/2020,Female,false,data analytics
Jasmine,Cottesford,633409,,Agender,true,engineering
Alley,Aitcheson,257771,7/5/2020,Female,false,engineering
Belle,Niesel,367756,4/5/2020,Agender,false,management
Diego,Edinborough,376463,9/7/2020,Male,false,data analytics
Stefanie,Neeves,779889,8/27/2020,Polygender,true,marketing
Kora,Alstead,353032,3/13/2020,Genderqueer,false,data analytics
Willetta,Jupe,687152,3/10/2020,Genderqueer,true,data analytics
Leonardo,Duignan,591031,3/3/2020,Male,false,data analytics
Claribel,Reisenstein,141251,,Agender,true,marketing
Walker,Guys,351367,11/10/2020,Bigender,true,management
Dean,Radclyffe,255162,7/17/2020,Non-binary,true,management
Hilly,Midgley,515714,1/7/2021,Male,true,data analytics
Cris,Ebbett,590135,12/26/2020,Non-binary,false,data analytics
Candy,Brockest,782902,6/28/2020,Genderqueer,false,data analytics
Carmon,Paddison,983876,6/9/2020,Genderfluid,false,marketing
Avrit,Finkle,108452,2/21/2020,Genderfluid,true,management
Adrianne,Fishbourne,530451,7/4/2020,Polygender,true,marketing
Milo,Tucker,690798,5/11/2020,Male,true,data analytics
Benedict,Orgee,801884,8/13/2020,Non-binary,false,engineering
Edythe,Kempston,810735,2/5/2020,Non-binary,true,management
Myrlene,Garroway,423302,12/9/2020,Agender,false,marketing
Oswald,Jellard,144996,11/6/2020,Female,true,management
Norbie,Dodridge,391394,7/27/2020,Non-binary,false,management
Chrotoem,Freiburger,947988,10/2/2020,Male,true,marketing
Ynes,Hawkswood,123094,12/7/2020,Female,true,engineering
Goldy,Danser,258909,12/12/2020,Non-binary,true,marketing
Vanny,Blazewicz,463349,9/1/2020,Genderfluid,true,marketing
Rhys,Sacchetti,658833,6/26/2020,Male,false,engineering
Roseanna,Harome,463729,7/17/2020,Polygender,true,management
Grata,Dyers,770722,7/3/2020,Agender,true,engineering
Isak,Siret,692634,12/21/2020,Genderqueer,false,management
Consalve,Ottey,334231,3/12/2020,Female,false,engineering
Barron,Glyssanne,279912,12/18/2020,Non-binary,true,management
Jeannie,Fullwood,691691,3/17/2020,Non-binary,false,management
Cyrille,Ferrey,320232,9/30/2020,Genderqueer,false,management
Florence,Bugge,541979,8/6/2020,Male,true,management
Warner,Naisbitt,949564,3/27/2020,Genderqueer,false,marketing
Kerry,Argent,460659,5/24/2020,Genderfluid,true,marketing
Archibaldo,MacKenzie,499718,12/9/2020,Bigender,false,management
Vivian,Fluger,307886,2/24/2020,Agender,true,management
Marlee,Dows,543124,1/6/2021,Male,false,management
Gill,Anderbrugge,393852,7/14/2020,Female,false,engineering
Colver,Camili,812056,1/10/2021,Female,false,management
Hale,Willmont,676300,9/15/2020,Bigender,true,engineering
Perry,Kunc,156773,3/1/2020,Female,false,data analytics
Irina,Fairman,959617,2/4/2020,Agender,true,marketing
Danila,Waterfield,303458,2/25/2020,Genderfluid,true,marketing
Vittorio,Crimp,865712,9/10/2020,Genderfluid,false,data analytics
King,Suddaby,955236,12/16/2020,Genderfluid,false,engineering
Jobye,Worton,866288,1/12/2021,,true,management
Elaine,Du Hamel,699144,9/17/2020,Polygender,false,management
Towny,Roback,932998,10/5/2020,Female,false,marketing
Derron,Lusted,130746,7/25/2020,Non-binary,true,data analytics
Gerrie,Giovannacci,644641,3/19/2020,Bigender,false,management
Maxy,Sudlow,303183,1/21/2021,Male,true,data analytics
Arty,Alsobrook,422051,8/12/2020,Genderfluid,false,marketing
Pamelina,Ionnisian,327376,8/21/2020,,false,marketing
Rozele,Sessuns,811134,1/17/2021,Female,true,management
Gordie,Fiddeman,748707,5/14/2020,Agender,false,engineering
Sanson,Temlett,582635,9/1/2020,Non-binary,true,data analytics
Constantino,Newberry,705763,7/21/2020,Genderqueer,true,data analytics
Coleen,McGarrahan,274630,7/8/2020,Female,false,marketing
Gussy,Carbett,396513,10/11/2020,Genderqueer,false,management
Lucais,Linley,480619,1/20/2021,Bigender,true,engineering
Ransell,Antonignetti,178648,6/4/2020,Non-binary,true,management
Suzy,Luckham,574613,9/10/2020,Genderfluid,false,data analytics
Bernadene,Damper,485095,2/8/2020,Genderqueer,false,marketing
Christabel,Tradewell,286367,3/18/2020,Agender,true,data analytics
Humbert,Deetlefs,955638,9/25/2020,Polygender,false,marketing
Alberto,Penritt,893906,4/22/2020,Agender,true,marketing
Birdie,Dennis,755410,3/11/2020,Genderqueer,true,data analytics
Eli,Zanicchi,263188,10/5/2020,Male,true,data analytics
Swen,Crus,907714,3/22/2020,Female,true,engineering
Mattias,Sillis,818044,7/4/2020,Bigender,false,marketing
Tracy,Kohrding,863060,3/25/2020,Genderqueer,true,management
Hallsy,Cullen,678630,9/15/2020,Male,true,marketing
Sascha,Colleer,756899,3/20/2020,Male,false,marketing
Padraic,Liddington,329032,11/10/2020,Female,false,data analytics
Brandie,Trehearne,738872,3/6/2020,Bigender,true,management
Dione,Rahill,790370,9/14/2020,Non-binary,false,data analytics
Jonie,Bottell,764239,5/5/2020,Genderqueer,true,data analytics
Chaunce,Elkin,547757,12/13/2020,Polygender,true,management
Jaimie,Gotter,294878,12/22/2020,Genderqueer,false,data analytics
Nial,Gellately,118721,6/2/2020,,true,engineering
Brina,MacGaughie,169678,3/6/2020,Female,true,data analytics
Roi,Defew,852785,3/8/2020,Genderqueer,false,data analytics
Jacques,Money,120342,10/31/2020,Agender,true,marketing
Daune,Painter,845528,2/21/2020,Male,true,data analytics
Conan,Wimes,435710,11/20/2020,Genderfluid,true,data analytics
Inge,Renton,409248,10/28/2020,Female,false,engineering
Tyne,Tewes,484993,5/23/2020,Polygender,false,engineering
Sibylla,Wintersgill,122065,12/31/2020,Polygender,true,marketing
Antonella,Menendez,932717,4/11/2020,Genderfluid,false,data analytics
Marne,Labba,679158,6/15/2020,Non-binary,true,engineering
Ewell,Bone,830571,7/11/2020,Genderqueer,false,management
Corbet,Strong,901275,5/2/2020,Male,false,marketing
Sherye,Weinberg,368803,12/11/2020,Agender,true,marketing
Gusty,Biddlestone,361829,5/30/2020,Agender,false,data analytics
Starla,Harget,792122,11/23/2020,Non-binary,false,marketing
Lucia,Maker,682525,10/1/2020,Non-binary,true,engineering
Egan,Dollin,105905,3/7/2020,Agender,false,management
Blithe,Gay,338102,2/9/2020,Male,true,marketing
Stefano,Hulatt,462423,5/2/2020,Male,false,marketing
Tildi,Sprey,419284,2/12/2020,Genderfluid,false,data analytics
Merline,Cockhill,629495,8/9/2020,Genderqueer,true,data analytics
Ciel,Tellenbroker,527049,11/3/2020,Female,true,management
Sacha,Blodg,462827,11/3/2020,Genderfluid,true,data analytics
Allegra,Fargher,938158,1/4/2021,Genderqueer,false,engineering
Melantha,Filson,858645,11/29/2020,Agender,true,data analytics
Datha,Kennealy,795372,8/15/2020,Non-binary,true,management
Hurleigh,Stedall,699627,7/28/2020,Male,true,marketing
Tamarah,Mor,839520,7/4/2020,Polygender,true,marketing
Page,Maskrey,501465,11/10/2020,Female,true,management
Boyd,Chasemoore,429284,5/20/2020,Bigender,false,engineering
Augustine,Vobes,822152,3/27/2020,Bigender,true,management
Dianemarie,Ackerley,193155,2/5/2020,Genderfluid,false,data analytics
Rina,Hallawell,659508,11/6/2020,Polygender,false,management
Basilio,Hartless,115783,12/20/2020,Genderqueer,false,engineering
Enos,Pelfer,408695,3/2/2020,Agender,false,management
Anny,Joselson,695748,3/9/2020,Male,false,engineering
Elly,Blaik,369838,8/23/2020,Genderqueer,true,management
Zita,Bewicke,198218,12/11/2020,Female,true,data analytics
Michael,Gumley,357456,2/28/2020,Bigender,true,data analytics
Gordy,Doberer,923441,12/1/2020,,true,management
Gayle,Peirson,292239,10/29/2020,Genderfluid,false,data analytics
Tallou,Forsaith,255794,12/29/2020,Polygender,false,management
Basile,Reach,679555,5/10/2020,Male,true,marketing
Shandee,Dulen,411583,7/23/2020,Bigender,true,marketing
Harlen,Elvin,946489,8/17/2020,Bigender,false,engineering
Linea,Balwin,728696,11/9/2020,Polygender,false,data analytics
Corrina,Chatburn,338410,8/2/2020,Polygender,false,marketing
Aylmar,Linn,221444,7/3/2020,Bigender,false,marketing
Maridel,Demke,105860,6/5/2020,Female,false,marketing
Ilaire,Zambon,503072,9/20/2020,Male,false,management
Veriee,Beartup,918144,1/19/2021,Bigender,false,marketing
Brocky,Belbin,151996,7/3/2020,Non-binary,false,data analytics
Tamqrah,MacCard,893986,7/7/2020,Female,false,engineering
Eulalie,Franzonello,854649,12/14/2020,Male,false,data analytics
Melly,Bowcher,844783,6/7/2020,,true,management
Malissia,Brokenshire,966995,12/12/2020,Non-binary,false,management
Shaine,Janssens,954319,8/27/2020,Genderfluid,true,data analytics
Alexandra,Blackett,122801,7/27/2020,Agender,true,marketing
Ellwood,Knill,379169,5/7/2020,Genderfluid,false,management
Fina,Turley,896636,6/23/2020,Polygender,false,engineering
Mikael,Sumner,901840,9/29/2020,Genderfluid,false,engineering
Cherice,Mordue,327790,4/12/2020,Male,false,data analytics
Xylia,Borrett,592449,6/6/2020,Genderfluid,false,data analytics
Marsiella,Bundey,720441,5/9/2020,Genderfluid,true,management
Pembroke,Greenmon,353573,5/23/2020,Agender,true,management
Linus,Lambirth,649920,7/12/2020,Genderfluid,false,marketing
Alyce,McGurgan,388772,3/23/2020,Genderqueer,true,data analytics
Anne-corinne,Ivery,972823,10/7/2020,Genderqueer,true,management
Derk,Huzzey,729717,1/14/2021,Genderfluid,false,data analytics
Etti,Bollini,398870,7/5/2020,Genderqueer,true,marketing
Nickie,Scully,534675,12/11/2020,Polygender,false,data analytics
Walsh,Bowdon,657106,9/23/2020,Agender,false,management
Gav,Whytock,460952,4/16/2020,Bigender,true,data analytics
Sax,Jordeson,637607,2/5/2020,Polygender,true,engineering
Agatha,Haresnaip,318573,7/20/2020,Genderfluid,false,marketing
Olivia,Ledwidge,508151,8/23/2020,Polygender,true,engineering
Farrah,Sallans,431863,11/28/2020,Genderfluid,false,management
Xenia,Sleeford,158945,6/13/2020,Non-binary,true,marketing
Hurleigh,Nunnery,304710,3/6/2020,Genderfluid,true,marketing
Christyna,Ivashov,699506,1/4/2021,Bigender,false,data analytics
Evangelin,Lezemere,791534,1/15/2021,Male,true,marketing
Eadie,Hounsome,423336,7/29/2020,Genderfluid,true,marketing
Curr,Helgass,384025,12/15/2020,Agender,false,marketing
Molly,Goodread,945115,7/24/2020,Male,false,management
Onofredo,Mahaddy,747719,2/18/2020,Genderqueer,true,marketing
Riobard,Hickin,709643,12/4/2020,Agender,true,engineering
Mina,Bakhrushin,312740,8/19/2020,Genderqueer,false,marketing
Nonah,Tweedlie,815771,12/20/2020,Female,true,management
Reinwald,Ricold,324431,4/14/2020,Genderfluid,false,data analytics
Lorelle,Bier,169461,9/24/2020,Bigender,true,marketing
Caron,Drinan,640295,3/27/2020,Non-binary,true,data analytics
Nari,Ondrich,718061,1/18/2021,Polygender,false,data analytics
Anitra,Pawsey,429990,10/24/2020,Bigender,true,engineering
Jedidiah,Bees,510238,8/27/2020,Female,true,engineering
Flynn,Romer,344427,12/8/2020,Genderfluid,true,data analytics
Caressa,Revie,247836,6/3/2020,Non-binary,true,marketing
Abby,August,280480,8/10/2020,Polygender,true,data analytics
Almeda,Lumly,559637,6/2/2020,Male,false,data analytics
Amelie,Pembery,242980,7/24/2020,Male,false,marketing
Larisa,Hague,145936,10/30/2020,Bigender,true,marketing
Helena,Montacute,433724,8/25/2020,Non-binary,true,management
Zara,Carbin,848862,1/26/2021,Non-binary,true,data analytics
Caresa,Van Bruggen,849822,10/5/2020,Genderfluid,true,management
Dedra,Sisson,617146,2/18/2020,Agender,true,engineering
Myer,Gatherer,531530,5/8/2020,Agender,false,data analytics
Silvana,Mularkey,550808,11/18/2020,Non-binary,true,engineering
Avery,Manlow,878210,9/29/2020,Genderqueer,false,data analytics
Rahel,Vasiliu,167019,8/29/2020,Polygender,true,engineering
Deeanne,Markie,624800,7/4/2020,Polygender,true,data analytics
Obie,McElree,508192,3/20/2020,Polygender,true,data analytics
Esme,Ference,981671,8/22/2020,Genderqueer,false,engineering
Zachary,Herity,925381,10/23/2020,Non-binary,false,data analytics
Lottie,McGeagh,392482,12/25/2020,Genderqueer,true,marketing
Eb,Simacek,243819,11/23/2020,Agender,true,data analytics
Alden,Chalker,387422,3/11/2020,Female,false,data analytics
Nye,Just,347426,8/17/2020,Male,true,engineering
Averill,Ethington,139411,1/8/2021,Genderqueer,true,marketing
Tamqrah,Levick,294374,6/24/2020,Bigender,false,management
Dewey,Sijmons,277589,7/3/2020,Non-binary,true,data analytics
Mallory,O'Mohun,266724,4/21/2020,Bigender,true,engineering
Tine,Tanswell,433335,3/21/2020,Bigender,true,management
Trixi,Vella,837778,8/21/2020,Female,true,marketing
Vale,Bartoleyn,346119,12/3/2020,Bigender,false,engineering
Mano,Mildner,646196,12/4/2020,Polygender,true,marketing
Graham,Thunnerclef,599917,9/11/2020,Polygender,false,management
Cassie,Zaple,224600,12/28/2020,Agender,true,data analytics
Falito,Clubbe,305460,4/8/2020,Male,false,marketing
Terence,Gomm,557276,6/24/2020,Genderqueer,false,management
Giordano,Extall,539352,12/15/2020,Bigender,false,marketing
Niels,Moens,159439,6/4/2020,Non-binary,true,marketing
Marcela,Zettler,613018,8/31/2020,Genderfluid,false,data analytics
Sayre,Doelle,404569,11/8/2020,Bigender,true,marketing
Bartlet,Cloney,457105,1/15/2021,,false,data analytics
Kalila,Simeon,630925,10/2/2020,Agender,true,engineering
Branden,MacCleay,158537,3/17/2020,Male,true,management
Alfonse,Bartosiak,797411,2/25/2020,Bigender,true,management
Sal,Middiff,112197,,Polygender,false,data analytics
Merridie,Pecha,360029,12/12/2020,Male,false,management
Ricki,Wycliffe,608550,7/17/2020,Female,false,marketing
Rosanne,Causon,925524,8/30/2020,Female,false,data analytics
Kendal,Lucia,682088,12/4/2020,Non-binary,false,marketing
Rollins,Killick,409647,5/8/2020,Female,true,data analytics
Dixie,Carlaw,864931,9/9/2020,Genderqueer,false,data analytics
Albie,Shallcross,464203,10/31/2020,Genderqueer,true,data analytics
Miguel,Monery,973243,1/8/2021,Female,false,data analytics
Fidelio,Northgraves,579485,2/20/2020,Agender,true,engineering
Mable,Church,444136,4/8/2020,Genderfluid,true,engineering
Yvette,Vasilischev,300495,3/24/2020,Genderfluid,true,management
Issi,Turone,576843,6/17/2020,Genderqueer,true,engineering
Levon,Manderson,969075,12/4/2020,Agender,false,engineering
Debor,Bavister,369832,,Bigender,false,engineering
Egan,Kenderdine,550391,6/29/2020,Genderqueer,true,management
Maddalena,Iacobacci,976129,6/18/2020,Male,true,data analytics
Tanitansy,Lortz,396085,9/19/2020,Non-binary,false,data analytics
Diannne,Negri,782393,11/4/2020,Bigender,true,marketing
Noami,Morena,905508,10/10/2020,Agender,true,data analytics
Leigh,Aspinal,528446,8/7/2020,Non-binary,true,management
Kristine,Ruberry,981863,5/25/2020,Female,false,marketing
Drona,Whillock,253932,2/15/2020,Bigender,false,marketing
Valeda,Dunnion,358348,9/16/2020,Female,false,engineering
Geri,Troy,131815,6/18/2020,Non-binary,true,data analytics
Stella,Partkya,650832,11/8/2020,Genderqueer,true,management
Roselle,MacNeilage,641893,10/25/2020,Genderqueer,false,management
Emlyn,Childs,466030,7/26/2020,Bigender,false,management
Harlie,Seeger,835035,4/29/2020,Female,false,engineering
Dianna,Moody,627442,6/17/2020,Non-binary,false,marketing
Egor,Bellany,551924,10/10/2020,Genderqueer,true,management
Elizabeth,Brugsma,285957,10/13/2020,Female,true,data analytics
Louise,Denisyev,642666,,Female,true,data analytics
Danella,Davana,256406,12/27/2020,Genderfluid,true,marketing
Ernie,Boerder,928131,8/24/2020,Male,false,management
Rheba,Whitfeld,650107,11/3/2020,Agender,false,marketing
Merla,Wavish,444094,12/3/2020,Non-binary,true,engineering
Anestassia,Jeannenet,525885,7/30/2020,Genderqueer,false,management
Arline,Bertot,386951,12/3/2020,Agender,true,data analytics
Dietrich,Amort,144897,7/31/2020,Male,false,engineering
Jeffry,Trynor,326526,1/14/2021,Female,false,engineering
Erhard,Sawnwy,651107,1/28/2021,Non-binary,false,data analytics
Jonis,Niblo,564427,3/20/2020,,true,data analytics
Harriette,Limon,407138,7/15/2020,Genderqueer,false,management
Aaron,Pohls,188614,1/29/2021,Male,true,marketing
Deb,Eckery,506010,2/21/2020,Non-binary,true,data analytics
Sonnie,Caps,268265,10/12/2020,Non-binary,false,marketing
Hunfredo,Pancoust,336280,5/16/2020,Non-binary,true,engineering
Cortney,Gilks,734825,11/10/2020,Female,false,data analytics
Theodore,Monelle,372408,11/16/2020,Polygender,false,engineering
Elli,Harman,757701,5/31/2020,Female,true,data analytics
Humberto,Cartmael,840878,1/11/2021,Non-binary,true,engineering
Paton,Bisley,174086,8/28/2020,Genderfluid,false,marketing
Tamiko,Stambridge,823879,6/21/2020,Genderfluid,true,marketing
Tamra,Filippi,227458,10/25/2020,Genderqueer,false,management
Wilma,Jewess,263290,6/27/2020,Genderqueer,true,engineering
Salvidor,Doman,179946,4/16/2020,Bigender,true,marketing
Amalita,Ferandez,194592,4/13/2020,Genderqueer,false,marketing
Pearline,Petti,981252,3/1/2020,Polygender,true,management
Gwynne,Dimitrijevic,346936,2/22/2020,Genderfluid,false,data analytics
Luce,Elmhirst,777463,4/9/2020,Polygender,false,marketing
Derwin,Royse,906130,9/7/2020,Polygender,true,marketing
Caddric,Cheng,619862,7/29/2020,Bigender,false,data analytics
Claude,Caccavari,305406,5/19/2020,Bigender,true,marketing
Sax,Denzey,685191,6/29/2020,Male,false,marketing
Paula,Poate,495684,6/17/2020,Bigender,true,marketing
Lissy,Benck,234498,5/22/2020,Polygender,true,engineering
Gerard,Keysall,613225,3/6/2020,Non-binary,true,data analytics
Robbie,Kynforth,127113,12/28/2020,Male,false,data analytics
Angus,Fursse,312288,2/11/2020,Male,true,marketing
Rosco,Fortun,229739,9/17/2020,Bigender,false,engineering
Ravi,Jaime,350903,7/20/2020,Genderfluid,false,marketing
Michele,Charley,946067,8/8/2020,Polygender,false,data analytics
Theodora,Kemer,613281,5/24/2020,Agender,true,management
Wallie,Solley,821141,11/27/2020,,true,marketing
Lefty,Gadson,378986,2/5/2020,Male,false,management
Cristobal,Redbourn,280311,12/16/2020,Female,false,marketing
Woodrow,Radborn,786495,11/1/2020,Bigender,true,management
Niven,Alldre,395250,8/7/2020,Female,true,management
Reagen,Gibard,701609,6/21/2020,Genderfluid,true,data analytics
Gwyneth,Abramowitch,599067,9/24/2020,Genderqueer,true,engineering
Fanchette,Scripture,577740,8/23/2020,Bigender,true,engineering
Kingsley,Garnul,396159,4/19/2020,Polygender,true,engineering
Chelsy,Bucktharp,378508,3/8/2020,Male,true,marketing
Wilma,Ibell,601155,10/15/2020,Non-binary,false,marketing
Godart,Gallehock,345997,1/26/2021,Male,true,marketing
Garnette,Baird,298255,6/22/2020,Female,true,management
Babette,Starmer,820782,4/4/2020,Non-binary,false,marketing
Waneta,Sadler,460170,7/11/2020,Polygender,true,marketing
Lev,Vankeev,595599,1/7/2021,Male,true,marketing
Sylvan,Humfrey,947719,8/10/2020,Male,true,engineering
Fletcher,Mapston,806670,5/31/2020,Genderfluid,false,engineering
Sheelagh,Jeste,137954,1/13/2021,Male,true,management
Fredelia,Choppen,350056,10/30/2020,Polygender,false,management
Joycelin,Oaten,529059,11/14/2020,Female,true,data analytics
Cherlyn,Earingey,270537,5/22/2020,Agender,true,management
Evania,Scammell,345147,1/12/2021,Polygender,false,marketing
Bruis,Wegenen,187305,2/5/2020,,true,marketing
Gustaf,Borrows,937680,4/24/2020,Non-binary,true,data analytics
Pembroke,Peatheyjohns,310843,7/10/2020,Agender,false,engineering
Zebulon,Lattimer,933655,7/25/2020,Male,true,engineering
Daffy,Lodder,705482,2/3/2020,Polygender,true,management
Emmeline,Streets,555216,9/10/2020,Polygender,true,engineering
Renaud,Tender,892672,9/23/2020,Genderqueer,false,data analytics
Inger,Cracknell,357252,7/2/2020,Non-binary,false,engineering
Clarinda,Deme,966049,9/9/2020,Non-binary,true,engineering
Serena,Paull,857621,3/16/2020,Genderfluid,true,engineering
Joyan,Berthome,522988,5/16/2020,Genderfluid,false,engineering
Caryl,Symmons,309172,9/20/2020,Agender,false,engineering
Di,Gonnelly,490233,8/18/2020,Bigender,false,engineering
Daisi,Sustins,830813,3/14/2020,Bigender,false,management
Mohandas,Pledge,677254,3/14/2020,Genderqueer,true,engineering
Jenn,Angus,755128,9/4/2020,Agender,false,engineering
Dayna,Sibray,507562,,Non-binary,false,engineering
Corbin,Gullberg,855065,11/15/2020,Genderfluid,true,engineering
Gare,Ennion,153825,2/4/2020,Non-binary,true,marketing
Irving,Grzelczyk,375976,8/24/2020,Genderqueer,true,marketing
Clarinda,Dienes,273996,6/3/2020,Genderfluid,true,management
Charity,Hibbart,556916,3/19/2020,Agender,false,marketing
Julee,Dranfield,703265,5/15/2020,Agender,true,data analytics
Mona,Cropper,264638,2/28/2020,Bigender,false,management
Malcolm,Prandy,722976,11/19/2020,Non-binary,false,management
Devondra,Hebburn,864116,2/22/2020,Non-binary,false,marketing
Bernie,Dionisetto,448460,10/20/2020,Female,false,marketing
Julie,Evans,337469,8/27/2020,Genderqueer,true,management
Myer,Gisby,189040,7/27/2020,Agender,true,engineering
Jermaine,Valek,889629,8/1/2020,Bigender,true,engineering
Karalynn,MacRierie,868937,,Genderqueer,true,management
Elianora,Sunner,697101,1/1/2021,Non-binary,true,marketing
Keri,Harrild,774979,,Genderqueer,true,management
Arda,Winsome,824997,5/27/2020,Agender,true,marketing
Joelynn,Lamar,499898,1/25/2021,Male,false,engineering
George,Cuerda,179152,1/9/2021,Bigender,false,marketing
Keir,Alfwy,649521,7/13/2020,,true,marketing
Claybourne,Laffling,882204,10/29/2020,Polygender,false,data analytics
Homerus,Dowbekin,936235,3/19/2020,Male,false,data analytics
Garry,Pointon,122165,9/15/2020,Female,true,data analytics
Sunny,Franzetti,695698,6/12/2020,Non-binary,false,marketing
Junina,Witt,223298,2/13/2020,,false,engineering
Kinsley,Prazer,625848,1/5/2021,Non-binary,true,data analytics
Karna,Palia,425075,4/26/2020,Polygender,true,management
Esme,Gockeler,543483,8/3/2020,Genderqueer,false,engineering
Mady,Lomasney,334886,5/16/2020,Male,false,management
Lishe,Hilliam,882890,5/11/2020,Female,false,marketing
Joycelin,Proschke,339824,9/23/2020,Bigender,false,data analytics
Lory,Monaghan,711723,2/18/2020,Bigender,true,data analytics
Isadore,Perassi,607993,5/28/2020,Male,true,engineering
Lyndsie,Hake,935980,9/18/2020,Polygender,true,management
Nickie,Yes,957160,7/13/2020,Male,true,data analytics
Emlen,Passfield,880123,6/29/2020,Female,true,management
Berk,Merrin,358155,12/15/2020,Female,false,marketing
Otha,Sissot,255216,11/13/2020,Female,true,marketing
Stephana,Micheli,959376,3/11/2020,Polygender,true,management
Keely,Wymer,860029,,Genderqueer,true,marketing
Umberto,De Freitas,148470,4/3/2020,Male,false,marketing
Jard,Trayling,759983,3/15/2020,Genderqueer,true,data analytics
Tadio,McInility,669810,10/14/2020,Polygender,true,data analytics
Arin,Swannick,728101,1/11/2021,Female,false,engineering
Kellie,Hayen,627035,3/5/2020,,false,engineering
Marysa,Reijmers,595603,1/28/2021,Non-binary,true,management
Goddart,Moneti,631517,6/25/2020,Genderfluid,false,engineering
Paxon,Pibworth,544187,7/11/2020,,false,data analytics
Sabina,Witherby,926166,1/24/2021,Genderfluid,true,engineering
Carlen,Pimley,844336,11/15/2020,Agender,false,management
Rainer,McCuffie,960984,1/18/2021,Agender,false,marketing
Dotti,Misk,481790,2/20/2020,Genderqueer,false,marketing
Antoine,O'Daly,811392,10/31/2020,Agender,true,data analytics
Loraine,Klaaasen,843498,6/19/2020,Agender,true,engineering
Phylis,Basson,468711,3/28/2020,Female,true,engineering
Joye,Thormwell,228390,,Non-binary,false,engineering
Sigrid,Lepere,305346,4/13/2020,,false,marketing
Cosme,Romeo,714000,2/13/2020,,true,management
Lusa,Bonhan,563549,6/4/2020,Non-binary,false,management
Loren,Nyland,819387,1/20/2021,Bigender,false,marketing
Rene,Toe,584932,7/20/2020,Female,true,engineering
Nerty,Chenery,680202,12/29/2020,Genderqueer,true,marketing
Arin,Pealing,190653,12/1/2020,Bigender,true,data analytics
Harp,Greenless,212073,,Male,true,engineering
Dennie,Barde,758322,3/5/2020,Male,false,engineering
Marven,Pallis,586421,12/16/2020,Bigender,false,management
Forrest,Fetters,270678,1/30/2021,Polygender,false,data analytics
Gasparo,Wingatt,749604,9/13/2020,Male,false,management
Doroteya,Walworth,107585,,Female,true,data analytics
Shaine,Vales,914718,12/3/2020,Agender,false,management
Juliann,Livesey,334317,4/16/2020,Female,false,engineering
Roldan,Elcock,798427,7/18/2020,Female,false,engineering
Karoly,O'Doireidh,724953,9/23/2020,Female,false,data analytics
Lucian,Newdick,545471,5/28/2020,Bigender,true,marketing
Missy,Fleischmann,925586,11/23/2020,Polygender,false,data analytics
Beniamino,Walas,888380,7/23/2020,Polygender,false,engineering
Casper,Nolleau,200832,1/2/2021,Male,true,data analytics
Ariel,Costard,196975,11/13/2020,Non-binary,true,engineering
Alice,Demeter,593256,1/21/2021,Female,true,marketing
Ashia,Paudin,257481,1/29/2021,Bigender,false,marketing
Fern,Magnar,114822,8/15/2020,Polygender,true,data analytics
Devy,Aldhous,731785,5/12/2020,Polygender,false,marketing
Jazmin,Ionnidis,761273,4/13/2020,Genderqueer,false,marketing
Reeta,Pennetti,811061,11/6/2020,Non-binary,true,management
Durant,Josovich,787315,8/6/2020,Bigender,true,marketing
Shae,Catcherside,628368,6/3/2020,Genderqueer,false,data analytics
Bobbee,Lombard,556188,12/21/2020,Bigender,false,engineering
Bethena,MacCallester,690729,4/18/2020,Genderfluid,true,engineering
Timmie,Dandie,739475,9/15/2020,Female,true,marketing
Welch,Overpool,416707,11/1/2020,Female,true,data analytics
Jeannine,Jeves,863177,12/30/2020,Genderqueer,false,data analytics
Audie,Boulger,403084,2/16/2020,Agender,false,marketing
Em,Merton,366188,1/15/2021,Agender,true,marketing
Ethelbert,Headley,255703,1/11/2021,Male,true,management
Zita,Follos,891648,10/9/2020,Genderqueer,false,marketing
Roberto,Higgen,477752,,Non-binary,true,management
Sonya,Calbert,849388,6/4/2020,Genderfluid,false,engineering
Saw,Wincott,422588,3/20/2020,Non-binary,true,marketing
Kaitlyn,Abramino,133860,7/12/2020,Polygender,true,management
Hobart,Terbruggen,719781,8/31/2020,Agender,true,management
Davie,Fields,539572,5/15/2020,Female,false,management
Roman,Baudins,844333,6/4/2020,Non-binary,false,management
Graham,Ferran,418425,10/25/2020,Non-binary,false,marketing
Quint,Cato,136981,1/11/2021,Polygender,true,engineering
Pascale,Soldan,450886,8/7/2020,Bigender,false,management
Bonnee,McGougan,979482,6/26/2020,Polygender,false,data analytics
Ignacius,d' Eye,657498,9/18/2020,Non-binary,true,data analytics
Town,Asipenko,428555,1/31/2021,Polygender,false,marketing
Hyman,Prator,119865,10/16/2020,Polygender,true,engineering
Orelia,Pigdon,897785,7/14/2020,Genderqueer,false,management
Malinda,Sarah,747398,9/23/2020,Genderfluid,false,engineering
Levon,Davidofski,445993,9/20/2020,Genderqueer,true,data analytics
Briggs,Dudmesh,787000,2/4/2020,Female,true,marketing
Kathleen,Hawson,149349,5/26/2020,Agender,false,data analytics
Solly,Townsley,549385,10/10/2020,Polygender,true,engineering
Kean,Bater,404967,4/25/2020,Polygender,false,marketing
Joete,Alsop,516787,6/20/2020,Agender,false,management
Orson,MacDougal,270566,5/10/2020,Female,false,engineering
Dedra,Gegg,248043,3/27/2020,Polygender,false,marketing
Candace,O'Lynn,180408,11/4/2020,Female,true,engineering
Melessa,Van de Castele,249281,12/23/2020,Male,false,management
Kenyon,Daughtery,570294,5/7/2020,Polygender,true,management
Bernie,Asty,864231,4/25/2020,Genderfluid,true,marketing
Sutherland,Order,535683,10/7/2020,Female,true,management
Cozmo,Fairlem,893293,4/18/2020,Genderfluid,false,data analytics
Charisse,Edbrooke,422117,7/9/2020,Agender,false,engineering
Sophie,Salvidge,700057,3/5/2020,Non-binary,true,data analytics
Oby,Rapin,591019,11/30/2020,Female,true,management
Luca,Lewzey,421967,6/5/2020,Genderfluid,true,engineering
Karlene,Sturte,314368,3/19/2020,Polygender,true,data analytics
Shirley,Bengtson,150828,1/22/2021,Female,false,data analytics
Pall,Clamo,392283,7/28/2020,Agender,true,data analytics
Letizia,Gorrick,705779,12/27/2020,Bigender,false,marketing
Augustine,Yukhnini,374683,5/22/2020,Non-binary,true,marketing
Grissel,Leivesley,689770,5/6/2020,Bigender,false,data analytics
Jerald,Foxworthy,453822,12/15/2020,Bigender,false,engineering
Glenden,Camois,871529,,Bigender,true,data analytics
Graeme,Tremmil,439907,11/22/2020,Genderqueer,false,engineering
Doug,McKeag,682792,4/14/2020,Male,true,management
Brenden,Cristou,417847,7/30/2020,Female,false,management
Caty,Mullally,839811,7/6/2020,Bigender,true,data analytics
Nara,O'Lyhane,511729,1/13/2021,Genderfluid,true,management
Kayla,MacTrustrie,769167,5/15/2020,Agender,true,engineering
Lucio,Spurier,898630,2/14/2020,Female,true,engineering
Salim,Triner,623813,9/22/2020,,false,data analytics
Sosanna,Kubec,637729,9/3/2020,Bigender,false,engineering
Randy,Lindegard,528721,7/22/2020,Agender,true,data analytics
Orin,Longwood,694855,1/31/2021,Male,true,engineering
Brennan,Cars,423627,11/4/2020,Non-binary,true,engineering
Clarisse,Hallock,325184,4/13/2020,Agender,true,data analytics
Tildie,Waterland,439181,12/22/2020,Polygender,true,marketing
Eveline,Fessby,745692,10/10/2020,Non-binary,true,data analytics
Wandie,Jozwiak,144740,5/2/2020,Male,true,management
Amble,Hailes,801876,7/1/2020,Genderfluid,false,management
Devin,Simacek,584148,10/26/2020,Male,true,engineering
Marlo,Kits,368678,8/28/2020,Genderfluid,true,management
Herb,Briddock,594312,2/9/2020,Genderfluid,true,data analytics
Aggie,Rosa,703480,11/29/2020,Female,true,management
Maurise,Aspel,291559,1/10/2021,Agender,false,engineering
Pattie,Chicken,471286,8/22/2020,Genderqueer,false,management
Joleen,Augustin,453634,11/11/2020,Non-binary,false,management
Aluino,Reyner,419740,6/7/2020,Polygender,false,management
Adham,Bennough,907358,6/24/2020,Genderfluid,true,data analytics
Fidel,Cockshot,148025,12/20/2020,Female,true,engineering
Jereme,Dauby,657665,3/21/2020,Genderqueer,true,management
Deonne,Veillard,444583,11/17/2020,Agender,false,data analytics
Dena,Bittlestone,965828,11/15/2020,Female,false,marketing
Sile,Joice,859919,8/3/2020,Polygender,true,data analytics
Sheeree,Endrighi,741277,12/10/2020,Non-binary,false,management
Jeniece,Pranger,678459,11/9/2020,Female,false,management
Gayla,Pexton,924564,1/3/2021,Genderqueer,true,data analytics
Eldin,Chessill,841058,8/4/2020,Genderqueer,false,data analytics
Christean,Comberbach,925092,4/16/2020,Genderqueer,true,marketing
Shandeigh,Penzer,440657,5/8/2020,Genderfluid,true,marketing
Barry,Whittle,164225,9/24/2020,Non-binary,false,engineering
Byrann,Style,406344,1/26/2021,Male,true,engineering
Fabio,Eschalette,197312,12/5/2020,Polygender,false,data analytics
Boony,Harriskine,160729,9/16/2020,Genderfluid,true,marketing
Catlee,Levin,435518,5/3/2020,Agender,false,marketing
Clarinda,Upsale,765038,5/11/2020,Female,true,engineering
Sholom,Sharp,358260,5/21/2020,Genderqueer,true,data analytics
Galvan,Ivamy,793263,7/12/2020,Genderfluid,false,marketing
Murry,Kinch,158708,6/3/2020,Female,true,marketing
Aaron,Caddens,583629,10/5/2020,Female,true,marketing
Nellie,MacCaughey,939492,7/29/2020,Male,true,engineering
Ruy,Blanpein,856035,2/28/2020,Genderqueer,false,management
Olly,Dewerson,918583,9/3/2020,Female,true,management
Ellissa,Morcom,764520,2/13/2020,Genderqueer,false,marketing
Alair,Maestrini,922499,,Genderfluid,false,marketing
Vance,Welling,823616,7/12/2020,Polygender,true,management
Theodoric,Reedie,715125,4/21/2020,Agender,false,data analytics
Wanids,Gillett,599912,8/15/2020,Agender,true,marketing
Raf,Baythrop,196051,3/28/2020,Male,false,marketing
Guendolen,Maiden,851554,4/11/2020,Non-binary,true,engineering
Lilia,Choldcroft,222569,2/12/2020,Genderqueer,false,management
Roseann,Osgood,331430,11/17/2020,Bigender,false,marketing
Kali,Plampeyn,348985,8/27/2020,Female,false,management
Kile,Edinboro,991993,8/24/2020,Genderqueer,false,marketing
Donielle,Brandolini,329522,1/23/2021,Male,true,management
Georgy,Hillyatt,768234,6/1/2020,Genderfluid,true,engineering
Buffy,Blackly,155633,7/10/2020,Polygender,true,management
Morly,Sheppard,994723,1/16/2021,Non-binary,false,engineering
Murray,Lukesch,398520,6/16/2020,Female,true,engineering
Lucien,Durtnel,482986,10/21/2020,Genderqueer,false,data analytics
Berke,Riedel,509234,12/4/2020,Male,true,marketing
Efrem,Limbourne,112589,1/2/2021,Genderqueer,false,data analytics
Elmer,Racher,952068,5/22/2020,Non-binary,false,marketing
Benoite,Eliasson,767608,8/13/2020,Agender,true,engineering
Mic,Lowry,533140,2/26/2020,Bigender,false,management
Adaline,Cohalan,260075,7/30/2020,Polygender,true,engineering
Ansell,McElwee,547810,3/8/2020,Non-binary,false,management
Kendra,Auten,584978,1/30/2021,Polygender,true,marketing
Binny,Keuneke,334201,4/11/2020,Polygender,true,data analytics
Brynn,De Brett,217193,9/30/2020,Female,true,data analytics
Mathian,Artus,987505,4/4/2020,Bigender,false,engineering
Estel,Kuhlmey,499642,9/25/2020,Female,true,engineering
Ingar,Kilpin,182114,3/22/2020,Genderqueer,false,marketing
Ginni,Oldroyde,858166,10/8/2020,Genderfluid,false,data analytics
Clarabelle,Goodbanne,853440,10/27/2020,,false,marketing
Donnell,Lendrem,871936,7/18/2020,Bigender,true,data analytics
Sarene,Tapp,990676,2/16/2020,Bigender,true,data analytics
Seka,Napolitano,244932,11/14/2020,Genderfluid,true,management
Melvin,Forgie,484878,4/12/2020,Genderfluid,false,data analytics
Dyane,Keward,386992,1/6/2021,Bigender,false,management
Tobie,Ivanyutin,260270,6/27/2020,Agender,true,engineering
Drona,Allone,580355,2/17/2020,Female,false,engineering
Brett,Saintpierre,439284,9/28/2020,Genderfluid,false,marketing
Axe,Hundley,744947,11/22/2020,Genderqueer,true,data analytics
Peirce,Arrell,500360,2/19/2020,Genderfluid,false,marketing
Ranice,Roscoe,625433,9/14/2020,Genderqueer,true,marketing
Brok,Minker,382647,7/8/2020,Male,true,engineering
Melodee,Greenhalf,850802,12/28/2020,Genderqueer,false,marketing
Harcourt,Gecks,792616,10/10/2020,Male,false,marketing
Mia,Parmiter,558296,6/6/2020,Agender,true,marketing
Rory,Cordeau,109305,7/29/2020,Male,false,marketing
Bev,Jelleman,299461,7/19/2020,Male,false,management
Vince,Richley,144118,4/12/2020,Genderqueer,false,marketing
Kathryne,Godsal,788949,12/29/2020,Female,false,management
Micky,Cardenas,401490,6/29/2020,Polygender,true,data analytics
Audre,O'Curneen,542744,6/12/2020,Bigender,true,data analytics
Sergei,Karpe,107330,6/23/2020,Non-binary,true,marketing
Hillier,Van der Merwe,462333,8/25/2020,Female,false,management
Finlay,Crews,419210,1/24/2021,Genderfluid,false,engineering
Roxine,Arnely,484685,5/9/2020,,true,engineering
Chauncey,McConachie,473067,7/4/2020,Polygender,true,data analytics
Kai,Laxe,660626,10/3/2020,Genderfluid,true,management
Esta,Howie,962996,10/7/2020,Non-binary,false,engineering
Terrie,Charlon,361355,11/30/2020,Bigender,true,management
Hermine,Flippelli,905976,4/5/2020,,true,marketing
Leontine,Bryenton,601057,7/8/2020,Polygender,true,marketing
Rutter,Murford,375288,8/12/2020,Genderqueer,true,data analytics
Bill,Fasler,888672,4/20/2020,Agender,true,engineering
Nollie,McKew,306533,2/24/2020,Bigender,false,data analytics
Kristoforo,Lindenstrauss,427075,1/5/2021,Bigender,false,data analytics
Traci,Costin,889648,5/1/2020,Female,true,management
Marlyn,Crowcroft,148106,1/24/2021,Polygender,true,engineering
Sonia,Idwal Evans,601128,9/7/2020,Male,false,management
Aluin,Taggert,835492,10/21/2020,Female,true,management
Gray,Whitley,702445,7/8/2020,Genderfluid,true,management
Nellie,Paulot,960906,1/17/2021,Non-binary,true,data analytics
Krissie,Cromwell,437549,8/22/2020,Bigender,false,management
Bevon,Hlavac,535356,6/9/2020,Polygender,true,data analytics
Tyrone,Duffie,392867,2/3/2020,Polygender,true,management
Christine,Guidoni,164201,9/25/2020,Bigender,true,marketing
Ondrea,Philipson,974123,10/6/2020,Polygender,false,marketing
Alfy,Dorwood,640729,5/2/2020,Genderqueer,true,data analytics
Danell,MacTrustram,820111,5/6/2020,Female,false,engineering
Sutherland,Loadwick,120513,2/12/2020,Polygender,false,engineering
Doretta,Duggon,375415,8/23/2020,Non-binary,true,marketing
Binnie,Fawke,210762,8/22/2020,Polygender,true,data analytics
Gael,Potts,572950,5/12/2020,Male,false,data analytics
Floyd,Laverock,442961,7/2/2020,Genderqueer,true,marketing
Corabelle,Foch,672608,9/28/2020,Agender,false,data analytics
Othelia,Harling,867761,10/13/2020,Agender,false,marketing
Ashla,Schulz,852979,8/31/2020,Female,false,data analytics
Meagan,Sodo,805772,11/28/2020,Male,false,engineering
Bettina,Thring,459440,5/7/2020,Polygender,false,data analytics
Markos,Breazeall,300336,2/27/2020,Polygender,false,data analytics
Nat,Tongs,646883,10/3/2020,Female,false,data analytics
Freda,Lighten,748140,7/18/2020,Agender,true,management
Patrizius,Riddler,819890,10/21/2020,Genderqueer,false,data analytics
Desi,Grasha,918029,8/16/2020,Genderfluid,true,engineering
Gabriell,MacNockater,302650,11/3/2020,Female,true,marketing
Kennett,Franzonello,580290,7/7/2020,Non-binary,true,engineering
Ola,Dautry,804650,8/20/2020,Agender,true,engineering
Bourke,Holby,661107,6/25/2020,Bigender,true,data analytics
Freeman,Domsalla,700539,4/2/2020,Non-binary,false,data analytics
Bruis,Hazzard,818218,7/28/2020,Female,false,management
Theda,Sharpe,739171,5/29/2020,Bigender,true,engineering
Ariana,Glendza,221789,6/3/2020,Polygender,false,data analytics
Nan,McMahon,472899,4/8/2020,Agender,true,marketing
Esra,Rozea,380935,6/2/2020,Genderfluid,false,marketing
Kim,Cotgrave,828880,8/31/2020,Agender,false,data analytics
Reeta,Nurse,447882,8/20/2020,Male,true,data analytics
Niki,Ivanin,132578,10/27/2020,Female,false,marketing
Carney,Blore,551939,5/6/2020,Female,false,management
Antonius,Rickardsson,291223,9/24/2020,Non-binary,true,data analytics
Audrie,Muddicliffe,274804,2/16/2020,,false,management
Huntlee,Fortman,329453,9/25/2020,Bigender,false,data analytics
Ariana,Culverhouse,901497,12/4/2020,Female,false,engineering
Wilma,Raittie,382770,10/15/2020,Non-binary,true,marketing
Robinet,Skeeles,422536,3/25/2020,Genderqueer,false,management
Brandyn,Sprowles,654535,9/6/2020,Non-binary,true,data analytics
Roy,Axworthy,597997,8/25/2020,Female,false,marketing
Jenny,Ballentime,741738,5/20/2020,Bigender,false,data analytics
Myra,Bidewell,908477,8/7/2020,Genderfluid,false,data analytics
Ysabel,Stollmeyer,649625,10/18/2020,Polygender,false,management
Ashby,Threadgold,140806,12/28/2020,Genderfluid,false,management
Justino,Asquith,950280,10/26/2020,Genderqueer,false,management
Jerald,Penella,862555,9/8/2020,Female,false,engineering
Aubrie,Hunt,549364,3/29/2020,Polygender,false,data analytics
