id,first_name,last_name,department,gender
1,Eal,Skip,HR,Male
2,Faustine,Brislawn,Marketing,Female
3,Nickolaus,Wiersma,Marketing,Female
4,Page,Collimore,HR,Male
5,Edin,Beers,Sales,Male
6,Nichol,Blankett,Marketing,Male
7,Carmelita,Brownsey,Engineering,Male
8,Rodrick,Abramovici,Marketing,Female
9,Darline,Le - Count,Engineering,Male
10,Panchito,Risbridge,Sales,Female
11,Eli,Jolliman,Sales,Female
12,Nikolai,Barnson,Engineering,Agender
13,Brion,Klaves,Marketing,Male
14,Trenna,Meake,HR,Female
15,Cariotta,Ornelas,Sales,Female
16,Billie,Handforth,Engineering,Female
17,El,Adshad,Marketing,Female
18,Philis,Myhill,Marketing,Female
19,Kial,Coffelt,HR,Male
20,Feodora,Bisacre,Sales,Female
21,Standford,Cuddon,Sales,Male
22,Atalanta,Fordy,Sales,Female
23,Ronni,Bellows,Engineering,Female
24,Thoma,Andryszczak,Marketing,Female
25,Eldridge,Haggith,Sales,Female
26,Gerick,Georges,Sales,Female
27,Dorthy,Kyrkeman,Sales,Male
28,Yankee,Ben,Marketing,Male
29,Justine,De Moreno,HR,Female
30,Jilleen,Christofides,Engineering,Male
31,Carolee,Lyburn,Sales,Female
32,Ezequiel,Ambridge,Marketing,Male
33,Sharleen,Pooke,Marketing,Male
34,Leslie,Bullier,Sales,Polygender
35,Delphine,Cordelle,HR,Female
36,Franzen,Fortesquieu,Marketing,Female
37,Bartolomeo,Wurz,Marketing,Male
38,Ambros,Pocke,Marketing,Male
39,Modesty,Allender,HR,Female
40,Jaquelyn,Gourlay,Engineering,Male
41,Janenna,Tassaker,HR,Male
42,Lindie,Callaghan,Marketing,Male
43,Kassey,Bredgeland,HR,Female
44,Susan,Whittek,Marketing,Male
45,Merry,Lambie,HR,Female
46,Sigmund,Wyatt,Marketing,Female
47,Dedra,Artrick,Marketing,Male
48,Skippie,Iddison,Marketing,Male
49,Rora,Geddis,HR,Male
50,Lee,Strauss,HR,Male
51,Janine,Harler,Sales,Female
52,Farris,Lethibridge,Marketing,Female
53,Tedda,Ferrara,HR,Genderqueer
54,Solomon,Gierek,Sales,Male
55,Chan,Kropach,HR,Male
56,Julia,Parriss,Marketing,Male
57,Zach,Cottu,Marketing,Female
58,Ameline,Palethorpe,Marketing,Male
59,Lucian,Teideman,Engineering,Male
60,Earle,Lampard,Sales,Female
61,Mitchael,Roskelley,Sales,Male
62,Antoni,Palmer,Engineering,Female
63,Loydie,Aland,Engineering,Male
64,Adriena,Arrighi,Marketing,Female
65,Hinda,Sandhill,Engineering,Male
66,Derrik,Vlasyuk,Engineering,Genderfluid
67,Arluene,Gapper,Sales,Female
68,Danyelle,Pusill,Sales,Female
69,Darya,Lightfoot,HR,Male
70,Klarrisa,Yurygyn,Sales,Female
71,Elysha,Timewell,Marketing,Female
72,Lauritz,Larvin,Sales,Female
73,Skippie,Batchelar,Sales,Male
74,Mallory,Deerness,Sales,Male
75,Bryanty,Tabard,Sales,Agender
76,Tait,Ferfulle,Engineering,Male
77,Clarinda,Coey,HR,Male
78,Billi,Peracco,HR,Female
79,Martita,Fishburn,Engineering,Male
80,Birk,Garroway,Sales,Male
81,Zacherie,Arundell,Sales,Male
82,Berrie,Pearce,Marketing,Female
83,Rozanna,Blaxley,Engineering,Male
84,Tatum,Danigel,Engineering,Female
85,Marilee,Bold,Marketing,Female
86,Cullin,Anthoine,HR,Male
87,Pavel,Trustrie,HR,Male
88,Latrina,Cleyne,Marketing,Female
89,Vivian,Farrow,Sales,Genderqueer
90,Mercedes,Dilley,Sales,Female
91,Clive,Jobes,Sales,Male
92,Francis,Crampsey,Marketing,Male
93,Gray,Sevior,Marketing,Male
94,Florette,Kirrens,Sales,Female
95,Idelle,Winnett,Marketing,Male
96,Luella,Heisler,Marketing,Female
97,Dorothy,Mowday,Marketing,Male
98,Dinny,Stennett,Marketing,Male
99,Guinna,Polo,HR,Male
100,Alberta,Zumbusch,Sales,Genderqueer
