club,last_name,first_name,position,base_salary,guaranteed_compensation
ATL,Almiron,Miguel,M,1912500,2297000
ATL,Ambrose,Mikey,D,65625,65625
ATL,Asad,Yamil,M,150000,150000
ATL,Bloom,Mark,D,99225,106573.89
ATL,Carleton,Andrew,F,65000,77400
ATL,Carmona,Carlos,M,675000,725000
ATL,Garza,Greg,D,150000,150000
ATL,Gonzalez Pirez,Leandro,D,250008,285008
ATL,Goslin,Chris,M,70000,74000
ATL,Gressel,Julian,,75000,93750
ATL,Heath,Harrison,M,66150,66150
ATL,Jones,Kenwyne,F,390000,413333.33
ATL,Kann,Alec,GK,77004,77004
ATL,Kratz,Kevin,M,150000,164250
ATL,Larentowicz,Jeff,M,175008,175008
ATL,Loyd,Zach,D,85008,85008
ATL,Martinez,Josef,F,924000,1041310
ATL,McCann,Chris,M,540000,568000
ATL,Mears,Tyrone,D,183756,183756
ATL,Oblitey Otoo,Jeffrey,,53000,53000
ATL,Parkhurst,Michael,D,325008,325008
ATL,Peterson,Jacob,F,165300,165300
ATL,Reynish,Kyle,GK,65004,65004
ATL,Robinson,Miles,D,125000.04,195000.04
ATL,Rochez,Bryan,F,200000,279500
ATL,Tambakis,Alexander,GK,65004,65004
ATL,Vazquez,Brandon,F,100008,120008
ATL,Villalba,Hector,F,663000,770750
ATL,Walkes,Anton,D,53004,53004
ATL,Wheeler-Omiunu,Andrew,M,53004,53004
ATL,Williams,Romario,F,65000,65000
CHI,Accam,David,F-M,750000,820937.5
CHI,Alvarez,Arturo,M,135000,142500
CHI,Arshakyan,David,F,156000,178850
CHI,Bronico,Brandt,M,65004,65004
CHI,Calistri,Joey,M,54075,54075
CHI,Campbell,Jonathan,D,101750,109875
CHI,Cleveland,Stefan,GK,53004,53004
CHI,Conner,Drew,M,65625,65625
CHI,De Leeuw,Michael,F,500000,564212.5
CHI,Dekovic,Matej,D,65004,65004
CHI,Doody,Patrick,D,65000,65000
CHI,Fernandez,Collin,M,85000,87000
CHI,Goossens,John,M,230000,233333.33
CHI,Harrington,Michael,D,135000,135000
CHI,Johnson,Daniel,M,65004,65004
CHI,Juninho,,M,700008,716674.67
CHI,Kappelhof,Johan,D,530000,570000
CHI,Lampson,Matt,GK,76000,81375
CHI,McCarty,Dax,M,400000,500000
CHI,Meira,Joao,D-M,150000,165000
CHI,Mihailovic,Djordje,M,80000.04,80000.04
CHI,Nikolic,Nemanja,F,1700000.04,1906333.37
CHI,Polster,Matt,M,99900,114900
CHI,Rodrigo Bava,Jorge,GK,240000,267133.34
CHI,Schweinsteiger,Bastian,M,5400000,5400000
CHI,Solignac,Luis,F,274999.92,328312.42
CHI,Vincent,Brandon,D,96250,118125
CLB,Abu,Mohammed,M,165000,171250
CLB,Abubakar,"Alhassan ""Lalas""",D,65000.04,72500.04
CLB,Afful,Harrison,D,280000,296666.67
CLB,Crognale,Alex,D,84996,84996
CLB,De Lima Junior,Artur,M,80004,99879
CLB,Duka,Dilly,M,175000,175000
CLB,Finlay,Ethan,M,290000,290000
CLB,Francis,Waylon,D,227500,251875
CLB,Hansen,Nikolaj,F,65000.04,72500.04
CLB,Higuain,Federico,M,1050000,1050000
CLB,Hollingsworth,Marshall,M,54075,54075
CLB,Jahn,Adam,F,92500,92500
CLB,Jimenez,Hector,M,150000,150000
CLB,Kamara,Ola,F,450000,482500
CLB,Ketterer,Logan,GK,53004,53004
CLB,Maloney,Connor,D,53004,53004
CLB,Manneh,Kekuta,M-F,138875,168375
CLB,Martinez,Cristian,M,65633.4,70133.4
CLB,Mensah,Jonathan,D,750000,844000
CLB,Meram,Justin,M,300000,328750
CLB,Naess,Nicolai,D,235000,242500
CLB,Obinwa,Abuchi,M,65004,65004
CLB,Raitala,Jukka,D,125004,161670.67
CLB,Saravia,Rodrigo,M,65625,65625
CLB,Sauro,Gaston,D,585000,601312.5
CLB,Steffen,Zack,,105000,105000
CLB,Stuver,Brad,GK,80004,80004
CLB,Swanson,Ben,M,85000,105416.67
CLB,Trapp,Wil,M,300000,350000
CLB,Williams,Josh,D,110004,110004
COL,Adjei-Boateng,Bismark,M,300000,341246
COL,Azira,Michael,M,110000,116625
COL,Badji,Dominique,F,65000,65000
COL,Berner,John,GK,66150,66150
COL,Burling,Bobby,D,120000,126000
COL,Calvert,Caleb,F,100000,107500
COL,Castillo,Dennis,D,54075,54075
COL,Da Fonte,Mike,D,65004,65004
COL,Doyle,Kevin,F,1000000,1045000
COL,Ford,Kortne,D,69996,76996
COL,Gashi,Shkelzen,F,1575000,1668750
COL,Gatt,Joshua,M,175008,193508
COL,Gordon,Alan,F,180000,180000
COL,Hairston,Marlon,D-M,110004,110004
COL,Hamilton,Sam,M,65004,65004
COL,Howard,Tim,GK,2000000,2475000
COL,MacMath,Zac,GK,150000,150000
COL,Miller,Eric,D,75553.75,86553.75
COL,Perez,Ricardo,M,53004,54254
COL,Powers,Dillon,M,295000,325000
COL,Ramirez,Juan Edgardo,M,100000,100000
COL,Saeid,Mohammed,,160000,170000
COL,Serna,Dillon,M,72600,85600
COL,Sjoberg,Axel,D,108350,123350
COL,Watts,Jared,D-M,75000,75000
COL,Williams,Mekeil,D,110000,115000
DAL,Acosta,Kellyn,M,260000,280000
DAL,Akindele,Tesho,F-M,95000,112500
DAL,Barrios,Michael,,100000,100000
DAL,Cannon,Reggie,D,53000.04,53000.04
DAL,Cermeno,Carlos,M,120000,123000
DAL,Chala,Anibal,D,250000.08,333000.08
DAL,Colman,Cristian,F,300000,385000
DAL,Craft,Coy,F-M,85000,102083.33
DAL,Diaz,Mauro,M,784000,880890
DAL,Ferreira,Jesus,F,53000,53000
DAL,Figueroa,Maynor,D,320000,343333.33
DAL,Gonzalez,Jesse,GK,85000,94375
DAL,Grana,Hernan,D,200000.04,225500.04
DAL,Gruezo,Carlos,M,495000,731500
DAL,Guillen,Aaron,D,54075,54075
DAL,Harris,Atiba,M-F,155004,155004
DAL,Hayes,Jacori,M,65000.04,72500.04
DAL,Hedges,Matt,D,399996,424996
DAL,Hollingshead,Ryan,M-D,132500,132500
DAL,Hume,Walker,D,53004,53004
DAL,Lamah,Roland,M,630000,773500
DAL,Morales,Javier,M,300000,315000
DAL,Pomykal,Paxton,M,70000,75000
DAL,Reid,Adonijah,F,70000.08,87500.08
DAL,Reynolds,Bryan,F,53000,55000
DAL,Seitz,Chris,GK,153000,153000
DAL,Ulloa,Victor,M,150000,152500
DAL,Urruti,Maximiliano,F,300000,300000
DAL,Zimmerman,Walker,D,205000,205000
DC,Acosta,Luciano,M-F,500000,602000
DC,Birnbaum,Steven,D,474996,499996
DC,Boswell,Bobby,D,260000,260000
DC,Buescher,Julian,M,80000,94700
DC,DeLeon,Nick,M,255000,255000
DC,Durkin,Chris,D-M,70000,79166.67
DC,Franklin,Sean,D,258756,283756
DC,Hamid,Bill,GK,350000,395500
DC,Harkes,Ian,M,90000,123237.5
DC,Jeffrey,Jared,M,105000,115000
DC,Kamara,Alhaji,F,80000,88250
DC,Kemp,Taylor,D,120000,120000
DC,Klenofsky,Eric,GK,53004,56754
DC,Le Toux,Sebastien,F-M,125004,140004
DC,Mullins,Patrick,F,114125,144125
DC,Neagle,Lamar,M-F,200000,202833.33
DC,Nyarko,Patrick,F-M,235000,250750
DC,Odoi-Atsem,Chris,D,65000.04,72500.04
DC,Opare,Kofi,D,105000,120000
DC,Ortiz,Jose Guillermo,F,129996,137621
DC,Robinson,Jalen,D,69996,69996
DC,Rolfe,Chris,F,275000,290000
DC,Sam,Lloyd,M-F,240000,250000
DC,Sarvas,Marcelo,M,360000,425000
DC,Tissot,Maxim,D,65000,65000
DC,Vincent,Rob,M-F,65633.4,65633.4
DC,Worra,Travis,GK,65625,65625
HOU,Alexander,Eric,M,190000,203750
HOU,Anibaba,Jalil,D,110004,110004
HOU,Beasley,DaMarcus,D,316008,351008
HOU,Brown,Calle,GK,65000,65000
HOU,Cabezas,Juan David,M,243000,267000
HOU,Clark,Ricardo,M,335160,372660
HOU,Da Silva,Leonardo,D,140004,147670.67
HOU,DeLaGarza,AJ,D,250000,252500
HOU,Deric,Tyler,GK,185000,185000
HOU,Elis,Alberth,F,423000,423000
HOU,Escalante,Jose,M,53004,53004
HOU,Garcia,Boniek,M,225000,247500
HOU,Garcia,Kevin,D,65633.4,65633.4
HOU,Holland,Joseph,M,53004,53004
HOU,Hunter,Taylor,,53004,53004
HOU,Iniguez,Agustin,D,143000,143000
HOU,Lucatero,Christian,M,53000,53250
HOU,Machado,Adolfo,D,200004,216504
HOU,Malki,George,D,65004,65004
HOU,Manotas,Mauro,F,215746.08,215746.08
HOU,Monteiro de Lima,Alex,M,170000,170000
HOU,Quioto,Romell,F,200004,212504
HOU,Remick,Dylan,D,66150,66150
HOU,Rodriguez,Memo,M,53004,53004
HOU,Sanchez,Vicente,F,65004,65004
HOU,Torres,Erick,F,650000,665000
HOU,Wenger,Andrew,M,210000,210000
HOU,Willis,Joe,GK,106312.5,106312.5
KC,Abdul-Salaam,Saad,D,96800,110550
KC,Besler,Matt,D,725000,758250
KC,Blessing,Latif,F,65004,74379
KC,Dwyer,Dom,F,550000,668750
KC,Dykstra,Andrew,GK,80004,87654.51
KC,Ellis,Kevin,D,140004,148337.33
KC,Espinoza,Roger,M,850000,850000
KC,Feilhaber,Benny,M,600000,600000
KC,Fernandes,Gerso,M-F,550008,591258
KC,Iwasa,Cameron,F,53004,53004
KC,Juliao,Igor,D,100008,115008
KC,Medranda,Jimmy,D,130008,130008
KC,Melia,Tim,GK,165000,167500
KC,Mustivar,Soni,M,200000,200000
KC,Opara,Ike,D,150000,150000
KC,Palmer-Brown,Erik,D,75000,75500
KC,Pasher,Tyler,D-M,53000,53000
KC,Porter,Cameron,F,65000,117500
KC,Rubio Kostner,Diego,F,202000,218875
KC,Saad,Soony,F,65004,65004
KC,Salloi,Daniel,F,53000,53000
KC,Sanchez,Ilie,M,300000,305000
KC,Sinovic,Seth,D,125000,132666.67
KC,Storm,Colton,D,53004,53004
KC,Zendejas,Adrian,GK,53000,53000
KC,Zusi,Graham,M,725000,757102.27
LA,Alessandrini,Romain,M,1669400.64,1999400.64
LA,Arellano,Hugo,D,65000,72375
LA,Boateng,Emmanuel,F,115000,115000
LA,Cole,Ashley,D,350000,377625
LA,Diallo,Bradley,D,65004,65004
LA,Diop,Clement,GK,65625,65625
LA,Dos Santos,Giovani,F,3750000,5500000
LA,Garcia,Rafael,M,82500,82500
LA,Husidic,Baggio,M,175000,175000
LA,Jamieson,Bradford,F,66150,66150
LA,Jones,Jermaine,M,600000,722500.2
LA,Kempin,Jonathan,GK,65004,65004
LA,Lassiter,Ariel,F,54075,54075
LA,Lletget,Sebastian,M,230000,242666.67
LA,McBean,Jack,F,65625,65625
LA,McInerney,Jack,F,325000,325000
LA,Mendiola,Raul,F,65625,65625
LA,Pedro,Joao,,120000,141000
LA,Rogers,Robbie,M,225000,233500
LA,Romney,David,D,66150,66150
LA,Rowe,Brian,GK,120000,120000
LA,Smith,Nathan,D,53004,53004
LA,Steres,Daniel,D,105000,112062.6
LA,Van Damme,Jelle,D,600000,662500
LA,Villarreal,Jaime,M,53004,53004
LA,Villarreal,Jose,F,105000,105000
LA,Zardes,Gyasi,F,577500,577500
LAFC,Alvarez,Carlos,M,65004,65004
LAFC,Etim,Monday Bassey,M,53004,53004
MNUFC,Alvbage,John,GK,229998,247748
MNUFC,Anor,Bernardo,M,105000,105000
MNUFC,Burch,Marc,D,135000,135000
MNUFC,Calvo,Francisco,D,300000,330843.63
MNUFC,Cronin,Sam,M,300000,306250
MNUFC,Danladi,Abu,F,125000.04,176000.04
MNUFC,Davis,Justin,D,80000,89750
MNUFC,De Villardi,Thomas,D,53004,53004
MNUFC,Demidov,Vadim,D,550008,555008
MNUFC,Greenspan,Joseph,D,65000,66469.08
MNUFC,Heavner,Billy,GK,53004,53004
MNUFC,Ibarra,Miguel,M,290004,322326
MNUFC,Ibson,,M,200004,210337.4
MNUFC,Jome,Ismaila,M,65004,67837.33
MNUFC,Kadrii,Bashkim,M,264000,288100
MNUFC,Kallman,Brent,D,65004,68295.67
MNUFC,Martin,Collin,M,84996,84996
MNUFC,McLain,Patrick,GK,80000,80000
MNUFC,Molino,Kevin,M,350004,402504
MNUFC,Ramirez,Christian,M,350004,392504.4
MNUFC,Schuller,Rasmus,M,200004,225004
MNUFC,Shuttleworth,Bobby,GK,155000,171875
MNUFC,Taylor,Jermaine,D,125004,135004
MNUFC,Thiesson,Jerome,D,171000,210166.67
MNUFC,Venegas,Johan,M,215000,227500
MNUFC,Venegas,Kevin,D,85000,88333.33
MNUFC,Warner,Collen,M,230004,230004
MTL,Arregui,Adrian,M,240000,290976.67
MTL,Beland Goyette,Louis,M,53000,54250
MTL,Bernardello,Hernan,M,288000,288000
MTL,Bernier,Patrice,M,165000,165000
MTL,Bitolo,Ambroise,D,100000,100000
MTL,Bush,Evan,GK,136750,136750
MTL,Cabrera,Victor,D,260000,260000
MTL,Camara,Hassoun,D,255000,255000
MTL,Choiniere,David,M,54075,54075
MTL,Ciman,Laurent,D,630000,661666.67
MTL,Crepeau,Maxime,GK,75000,79083.33
MTL,Depuy,Nick,F,65000.04,72500.04
MTL,Donadel,Marco,M,349992,386658.67
MTL,Duvall,Chris,D,70875,70875
MTL,Fisher,Kyle,D,53004,53004
MTL,Jackson-Hamel,Anthony,F,66150,66150
MTL,Kronberg,Eric,GK,99999.96,104999.96
MTL,Lefevre,Wandrille,D,94999.92,104499.92
MTL,Lovitz,Daniel,M,78750,78750
MTL,Mallace,Calum,M,115000,131250
MTL,Mancosu,Matteo,F,700000.08,719541.75
MTL,Oduro,Dominic,F,330000,330000
MTL,Piatti,Ignacio,M,450000,450000
MTL,Romero,Andres,M,120000,120000
MTL,Salazar,Michael,F,54075,54075
MTL,Shome,Shamit,M,100000.08,128500.08
MTL,Tabla,Ballou Jean-Yves,M,70000,78999.8
NE,Agudelo,Juan,F,475000,502500
NE,Angoua,Benjamin,D,600000,654333.33
NE,Bunbury,Teal,F,215000,260000
NE,Caldwell,Scott,M,115000,125000
NE,Cropper,Cody,F,65625,65625
NE,Fagundez,Diego,M,160000,180000
NE,Farrell,Andrew,D,182600,263600
NE,Herivaux,Zachary,M,65625,65625
NE,Hollinger-Janzen,Femi,F,54075,54075
NE,Kamara,Kei,F,800000,800000
NE,Knighton,Brad,GK,100910.25,100910.25
NE,Kobayashi,Daigo,M,69996,76996
NE,Kouassi,Xavier,M,840000,890541.75
NE,Mlinar Delamea,Antonio,D,400008,400008
NE,Nguyen,Lee,,500000,500000
NE,Rowe,Kelyn,M,165000,230000
NE,Smith,Donnie,M,66150,66150
NE,Smith,Joshua,D,53004,53004
NE,Tierney,Chris,D-M,140000,148333.33
NE,Turner,Matt,GK,54075,54075
NE,Watson,Je-Vaughn,D-M,150000,155666.67
NE,Woodberry,London,D,69300,69300
NE,Wright,Brian,F,65625,84375
NYCFC,Allen,RJ,D,100000.08,101666.75
NYCFC,Awuah,Kwame,D-M,53004,53004
NYCFC,Brilliant,Frederic,D,280000,319666.67
NYCFC,Callens,Alexander,D,180000,180000
NYCFC,Camargo,Miguel,M,99999.96,108249.96
NYCFC,Chanot,Maxime,D,350000,383000
NYCFC,Diskerud,Mix,M,772669,772669
NYCFC,Gomez,Shannon,D,54075,54075
NYCFC,Harrison,Jack,M,130000,165500
NYCFC,Herrera,Yangel,M,123557.04,123557.04
NYCFC,Johansen,Eirik,GK,65625,65625
NYCFC,Johnson,Sean,GK,220008,220008
NYCFC,Lewis,Jonathan,F,80000.04,115500.04
NYCFC,Lopez,Mikey,M,75000,75000
NYCFC,Matarrita,Ronald,D,175000,200000
NYCFC,McNamara,Thomas,M,185000.04,185000.04
NYCFC,Mena,Jefferson,D,250000,261400
NYCFC,Moralez,Maximiliano,M,2000000.04,2000000.04
NYCFC,Okoli,Sean,F,52999.92,52999.92
NYCFC,Pirlo,Andrea,M,5600000,5915690
NYCFC,Rawls,Andre,GK,65633.4,65633.4
NYCFC,Ring,Alexander,M,340000.08,376666.75
NYCFC,Shelton,Khiry,F,92950,110450
NYCFC,Stertzer,John,M,65000,65000
NYCFC,Sweat,Ben,D,65004,65004
NYCFC,Villa,David,F,5610000,5610000
NYCFC,Wallace,Rodney,M,220000.08,220000.08
NYCFC,White,Ethan,D,65000,65000
NYRB,Abang,Anatole,F,65625,65625
NYRB,Adams,Tyler,M,75000,91041.67
NYRB,Allen,Brandon,F,65625,65625
NYRB,Baah,Gideon,D,230000,315500
NYRB,Basuljevic,Arun,M,53004,53004
NYRB,Bilyeu,Justin,D,54075,54075
NYRB,Collin,Aurelien,D,450000,450000
NYRB,Davis,Sean,M,110000,127500
NYRB,Etienne,Derrick,M,53000,58000
NYRB,Grella,Mike,F,186000,188250
NYRB,Gulbrandsen,Fredrik,F,360000,360000
NYRB,Kljestan,Sacha,M,650000,787500
NYRB,Lade,Connor,D,85000,92812.5
NYRB,Lawrence,Kemar,D,100000,205600
NYRB,Lewis,Zeiko,M,75000,93750
NYRB,Long,Aaron,D,65000,65000
NYRB,Martins,Felipe,M,275000,305000
NYRB,Meara,Ryan,GK,100008,105008
NYRB,Metzger,Dan,M,53004,53004
NYRB,Murillo,Michael,D,65004,73754
NYRB,Muyl,Alex,F,65625,69625
NYRB,N'dam,Hassan,D,53004,53004
NYRB,Perrinelle,Damien,D,175008,175008
NYRB,Robles,Luis,GK,290000,292500
NYRB,Royer,Daniel,M,450000,450000
NYRB,Veron,Gonzalo,M-F,500000,500000
NYRB,Wright-Phillips,Bradley,F,1500000,1635000
NYRB,Zizzo,Sal,M,110000,110000
ORL,Aja,Jose,D,216000,216000
ORL,Alston,Kevin,D,135000,135000
ORL,Barnes,Giles,F-M,725000,781250
ORL,Barry,Hadji,F,68750,73312.5
ORL,Bendik,Joe,GK,165000,174083.4
ORL,Carrasco,Servando,M,114996,114996
ORL,Da Silva,Pierre,M,53004,53004
ORL,Donovan,Conor,D,100000,128000
ORL,Edwards,Earl,GK,65000,65000
ORL,Garcia,Devron,M-F,53004,53004
ORL,Gil,Luis,M,144000,144000
ORL,Giro,Victor,D-M,80004,85316.5
ORL,Higuita,Cristian,M,150000,150000
ORL,Hines,Sebastian,D,129996,129996
ORL,Johnson,Will,M,414000,450000
ORL,Kaka,,M,6660000,7167500
ORL,Larin,Cyle,F,150000,192000
ORL,Laryea,Richmond,M,130000,159000
ORL,Nocerino,Antonio,M,800000,850000
ORL,Perez,Matias,F,260004,260004
ORL,Ramos,Rafael,D,100800,100800
ORL,Redding,Tommy,D,110000,117500
ORL,Rivas,Carlos,M,375000,375000
ORL,Rocha,Tony,M,65620.8,65620.8
ORL,Sane,Moussa,F,53004,53004
ORL,Saunders,Josh,GK,150000,150000
ORL,Spector,Jonathan,D,549996,611933.5
ORL,Stajduhar,Mason,GK,53000,53000
ORL,Sutter,Scott,D,240000,240000
ORL,Toia,Donny,D,70875,70875
PHI,Alberg,Roland,M,345000,394250
PHI,Ayuk,Eric,M,65625,65625
PHI,Bedoya,Alejandro,M,1131000,1197250
PHI,Blake,Andre,GK,148500,186500
PHI,Carroll,Brian,M,132000,140000
PHI,Creavalle,Warren,M,125000,138000
PHI,Davies,Charlie,F,108960,114684.94
PHI,Edu,Maurice,M,750000,818750
PHI,Elliott,Jack,D,53004,53004
PHI,Epps,Marcus,M,53004,53004
PHI,Fabinho,Fabinho,D,159759,167759
PHI,Gaddis,Raymon,D,165000,167500
PHI,Herbers,Fabian,M-F,110000,135500
PHI,Ilsinho,,M,470000,518333.33
PHI,Jones,Aaron,D,53004,53004
PHI,Jones,Derrick,M,65000,70900
PHI,Marquez,Richard,D,133000,139430
PHI,McCarthy,John,GK,86500,95750
PHI,McGuire,Jake,GK,53004,53004
PHI,Medunjanin,Haris,,460008,505008
PHI,Najem,Adam,M,65000.04,65000.04
PHI,Onyewu,Oguchi,D,65004,65004
PHI,Picault,Fabrice,F,114999.96,128666.63
PHI,Pontius,Chris,M-F,400000,431000
PHI,Rosenberry,Keegan,D,104500,110312.5
PHI,Sapong,CJ,F,300000,300000
PHI,Simpson,Jay,F,465000,508333.33
PHI,Tribbett,Ken,D,65000,65000
PHI,Trusty,Auston,D,75000,104100
PHI,Wijnaldum,Giliano,D,65004,78337.33
PHI,Yaro,Joshua,D,130000,194000
POR,Adi,Fanendo,F,1190004,1736254
POR,Andriuskevicius,Vytautas,D,222500,244375
POR,Arboleda,Victor,M-F,65000.04,65000.04
POR,Arokoyo,Gbenga,D,135000,155600
POR,Asprilla,Dairon,M-F,138000,138000
POR,Attinella,Jeff,GK,100000,105083.33
POR,Barmby,Jack,M-F,65004,65004
POR,Blanco,Sebastian,M,1000008,1075008
POR,Chara,Diego,M,500000,522000
POR,Clarke,Rennico,D,53004,58004
POR,Ebobisse,Jeremy,F,130000,173000
POR,Farfan,Marco,D,53000,53000
POR,Gleeson,Jake,GK,110000,115166.67
POR,Guzman,David,M,185004,188337.33
POR,Mattocks,Darren,F,300000,316666.67
POR,McIntosh,Kendall,GK,53000,53000
POR,Melano,Lucas,F,790000,1010000
POR,Miller,Roy,D,150000,150000
POR,Myers,Chance,D,125004,125004
POR,Nagbe,Darlington,M/F,550000,565000
POR,Okugo,Amobi,D-M,65004,187941.5
POR,Olum,Lawrence,M,142500,157500
POR,Powell,Alvas,D,115000,123700
POR,Ridgewell,Liam,D,615000,615000
POR,Valentin,Zarek,D,110000,110000
POR,Valeri,Diego,M,2227500,2607500
POR,Zemanski,Ben,M,105000,109000
RSL,Acosta,Danilo,M,65625,65625
RSL,Allen,Jordan,M,178000,178000
RSL,Barrett,Chad,F,99000,105000
RSL,Beckerman,Kyle,M,750000,825000
RSL,Beltran,Anthony,D,220000,230950
RSL,Dunk,Reagan,D,53004,53004
RSL,Fernandez,Eduardo,GK,66150,66150
RSL,Glad,Justen,D,225000,246700
RSL,Hernandez,Jose,M,53004,56379
RSL,Holness,Omar,F,110000,133500
RSL,Horst,David,D,110004,115004
RSL,Lennon,Brooks,F,53004,53004
RSL,Maund,Aaron,D,165000,174437.5
RSL,Movsisyan,Yura,F,1750000,1973750
RSL,Mulholland,Luke,M,172500,172500
RSL,Phillips,Demar,D,155004,162837.33
RSL,Plata,Joao,F,350000.04,400000.04
RSL,Rimando,Nick,GK,450000,470000
RSL,Rusnak,Albert,M,825000,882812.5
RSL,Saucedo,Sebastian,M,90000,100500
RSL,Schmidt,Justin,D,53004,53004
RSL,Schuler,Chris,D,127500,132500
RSL,Silva,Luis,M-F,200004,208670.67
RSL,Sunday,Stephen,M,240000,253000
RSL,Van Oekel,Matt,GK,96000,96000
RSL,Velazco,Ricardo,F,65633.4,65633.4
RSL,Wingert,Chris,D,134004,145394
SEA,Adekoya,Seyi,F,53004,53004
SEA,Alfaro,Tony,D,54075,54075
SEA,Alonso,Osvaldo,M,1100000,1141667
SEA,Bruin,Will,F,325000,326666.67
SEA,Delem,Jordy,M,53004,53004
SEA,Dempsey,Clint,F,3200000,3892933.5
SEA,Evans,Brad,D-M,300000,338501.25
SEA,Fernandez,Alvaro,M,264000,294000
SEA,Fisher,Oniel,M-D,65625,65625
SEA,Frei,Stefan,GK,250000,256250
SEA,Jones,Joevin,D,90000,96166.67
SEA,Kovar,Aaron,M,66150,66350
SEA,Lodeiro,Nicolas,M,1371428.57,1743428.57
SEA,Mansaray,Victor,F,65625,69125
SEA,Marshall,Chad,D,350000,366250
SEA,Mathers,Zach,M,53004,53004
SEA,Meredith,Bryan,GK,66150,66150
SEA,Miller,Tyler,GK,65633.4,65633.4
SEA,Morris,Jordan,F,225000,237500
SEA,Roldan,Cristian,M,115000,137000
SEA,Shipp,Harrison,M,144999.96,144999.96
SEA,Svensson,Gustav,M,170000.04,170000.04
SEA,Tolo,Nouhou,D,52999.92,52999.92
SEA,Torres,Roman,D,433000,508812.5
SEA,Wingo,Henry,D-M,53004,53004
SJ,Alashe,Fatai,M,98175,114425
SJ,Amarikwa,Quincy,F,256500,270166.67
SJ,Barrera,Leandro,F,100000,100000
SJ,Bernardez,Victor,D,225000,266600
SJ,Bersano,Matt,GK,65004,65004
SJ,Bingham,David,GK,190000,197750
SJ,Cato,Cordell,M,137000,138666.67
SJ,Ceren,Darwin,M,200000,249375
SJ,Colvey,Kip,D,54075,54075
SJ,Cummings,Harold,D,249996,300662.67
SJ,Dawkins,Simon,M,800000,800000
SJ,Francis,Shaun,D,115000,123333.33
SJ,Godoy,Anibal,M,229992,256242
SJ,Hoesen,Danny,F,425004,503129
SJ,Hyka,Jahmir,M,470004,520004
SJ,Imperiale,Andres,D,105000,107500
SJ,Jungwirth,Florian,D-M,450000,516667.07
SJ,Lima,Nick,D,80004,86208.03
SJ,Mfeka,Lindo,M-F,53004,53004
SJ,Pelosi,Marc,M,65004,75004
SJ,Salinas,Shea,M,185000,185000
SJ,Sarkodie,Kofi,D,135000,140000
SJ,Silva,Matheus,M,65000,65000
SJ,Tarbell,Andrew,GK,80000,94000
SJ,Thompson,Tommy,M,150000,155000
SJ,Urena,Marco,F,275004,289420.67
SJ,Wondolowski,Chris,F,800000,800000
SJ,Wynne,Marvell,,245808,257058
SJ,Yueill,Jackson,M,124992,175992
TOR,Alseth,Oyvind,M-D,53004,53004
TOR,Altidore,Jozy,F,4875000,4875000
TOR,Aubrey,Brandon,D,75000,93750
TOR,Beitashour,Steven,D,250000,264000
TOR,Bono,Alex,GK,70000,90200
TOR,Bradley,Michael,M,6000000,6500000
TOR,Camargo,Sergio,M,65004,65004
TOR,Chapman,Jay,M,90000,108500
TOR,Cheyrou,Benoit,M,65004,65004
TOR,Cooper,Armando,M,189000,202333.33
TOR,Delgado,Marco,M,210000,210000
TOR,Edwards,Raheem,F,53004,53004
TOR,Endoh,Tsubasa,F,54075,54075
TOR,Giovinco,Sebastian,F,5600000,7115555.67
TOR,Hagglund,Nick,D,100008,109633
TOR,Hamilton,Jordan,F,69457.5,81957.5
TOR,Hernandez,Jason,D,65004,65004
TOR,Irwin,Clint,GK,200004,211316.7
TOR,Mavinga,Chris,D,265008,300691.6
TOR,Moor,Drew,D,246750,261750
TOR,Morgan,Ashtone,D,100008,101508
TOR,Morrow,Justin,D,210000,226666.67
TOR,Osorio,Jonathan,M,191762.5,200237.13
TOR,Pais,Mark,GK,65004,65004
TOR,Ricketts,Tosaint,F,180000,193166.67
TOR,Vazquez,Victor,M,630000,700000
TOR,Zavaleta,Eriq,D,102850,133450
VAN,Adekugbe,Samuel,D,80000,85000
VAN,Bolanos,Christian,M,250000,253500
VAN,Bustos,Marco,M,65625,70475
VAN,Davies,Alphonso,M,65000,65000
VAN,de Jong,Marcel,D-M,140000,140000
VAN,Dean,Christian,D,121000,202000
VAN,Edgar,David,D,175000,183833.33
VAN,Flores,Deybi,M,66000,71885
VAN,Froese,Kianz,M,69300,73800
VAN,Greig,Kyle,F,65004,66849
VAN,Harvey,Jordan,D,180000,180000
VAN,Hurtado,Erik,F/M,125000,131250
VAN,Jacobson,Andrew,M,150000,175000
VAN,Laba,Matias,M,725000,885500
VAN,Levis,Brett,D,65000,67500
VAN,McKendry,Ben,M,65000,65000
VAN,Mezquida,Nicolas,M-F,120000,120000
VAN,Montero,Fredy,F,1400000.04,1800000.04
VAN,Nerwinski,Jake,D,65004,65004
VAN,Ousted,David,GK,360000,378933.33
VAN,Parker,Tim,D,80850,99600
VAN,Reyna,Yordy,M-F,440000.04,533700.04
VAN,Richey,Spencer,GK,65004,65004
VAN,Rosales,Mauro,M,65004,65004
VAN,Seiler,Cole,D,54075,54075
VAN,Shea,Brek,M-D,625000,670000
VAN,Tchani,Tony,M,275000,308333.33
VAN,Techera,Cristian,M,352000,377000
VAN,Teibert,Russell,M,126500,194000
VAN,Tornaghi,Paolo,GK,80000,80000
VAN,Waston,Kendall,D,350000,368125
,,,,,
VAN,Williams,Sheanon,D,175000,184000